Blocked.Cores;Cores;Input Size;Time;Time MCSTL;Workpakets
0;8;100;0.001611;0.000457;24
0;8;100;0.001498;0.000514;24
0;8;100;0.001679;0.000432;24
0;8;100;0.001622;0.000473;24
0;8;100;0.001612;0.00041;24
0;8;100;0.001564;0.000446;24
0;8;100;0.001584;0.00043;24
0;8;100;0.001389;0.000476;24
0;8;100;0.001663;0.000458;24
0;8;100;0.001611;0.000445;24
0;8;100;0.001401;0.00043;24
0;8;100;0.001643;0.000442;24
0;8;100;0.00194;0.000467;24
0;8;100;0.001496;0.000435;24
0;8;100;0.001412;0.000461;24
0;8;100;0.001429;0.000453;24
0;8;100;0.001604;0.000444;24
0;8;100;0.00165;0.000466;24
0;8;100;0.001442;0.000423;24
0;8;100;0.001643;0.000426;24
0;8;100;0.001572;0.000455;24
0;8;100;0.001422;0.000446;24
0;8;100;0.001636;0.000445;24
0;8;100;0.001502;0.000462;24
0;8;100;0.00165;0.000456;24
0;8;100;0.001536;0.000457;24
0;8;100;0.001458;0.000474;24
0;8;100;0.001418;0.000457;24
0;8;100;0.001528;0.000468;24
0;8;100;0.001415;0.000474;24
0;8;100;0.001614;0.000436;24
0;8;100;0.001496;0.000455;24
0;8;100;0.001559;0.000444;24
0;8;100;0.001475;0.000444;24
0;8;100;0.001582;0.000438;24
0;8;100;0.00141;0.00045;24
0;8;100;0.001408;0.000455;24
0;8;100;0.001424;0.000453;24
0;8;100;0.001629;0.000401;24
0;8;100;0.001424;0.00042;24
0;8;100;0.001588;0.000436;24
0;8;100;0.001618;0.000441;24
0;8;100;0.0016;0.000411;24
0;8;100;0.001576;0.000415;24
0;8;100;0.001874;0.00047;24
0;8;100;0.001463;0.000444;24
0;8;100;0.001654;0.000416;24
0;8;100;0.001697;0.000462;24
0;8;100;0.001779;0.000417;24
0;8;100;0.001687;0.000435;24
1;8;100;0.013522;0.060204;24
1;8;100;0.00145;0.083591;24
1;8;100;0.001463;0.11478;24
1;8;100;0.001415;0.096411;24
1;8;100;0.001375;0.13376;24
1;8;100;0.001437;0.075643;24
1;8;100;0.001588;0.113229;24
1;8;100;0.001336;0.11434;24
1;8;100;0.001562;0.102406;24
1;8;100;0.001435;0.087436;24
1;8;100;0.001444;0.084851;24
1;8;100;0.001402;0.07417;24
1;8;100;0.001388;0.093006;24
1;8;100;0.001452;0.064495;24
1;8;100;0.001493;0.085302;24
1;8;100;0.001421;0.082525;24
1;8;100;0.001486;0.107307;24
1;8;100;0.001384;0.075168;24
1;8;100;0.001418;0.143002;24
1;8;100;0.001253;0.09494;24
1;8;100;0.001333;0.066247;24
1;8;100;0.001522;0.083533;24
1;8;100;0.001243;0.085986;24
1;8;100;0.001431;0.104618;24
1;8;100;0.001432;0.191202;24
1;8;100;0.00143;0.064771;24
1;8;100;0.001229;0.096515;24
1;8;100;0.00139;0.083812;24
1;8;100;0.001381;0.095838;24
1;8;100;0.001507;0.104652;24
1;8;100;0.001677;0.090899;24
1;8;100;0.001352;0.10748;24
1;8;100;0.001424;0.104741;24
1;8;100;0.001438;0.091768;24
1;8;100;0.001302;0.077877;24
1;8;100;0.00152;0.104491;24
1;8;100;0.001459;0.064795;24
1;8;100;0.001476;0.064767;24
1;8;100;0.001352;0.062477;24
1;8;100;0.001406;0.126843;24
1;8;100;0.001512;0.104633;24
1;8;100;0.001398;0.104721;24
1;8;100;0.001458;0.0626;24
1;8;100;0.001382;0.095606;24
1;8;100;0.001433;0.104548;24
1;8;100;0.001273;0.064647;24
1;8;100;0.001593;0.11085;24
1;8;100;0.001361;0.103593;24
1;8;100;0.001618;0.116425;24
1;8;100;0.001593;0.122901;24
2;8;100;0.015994;0.129331;24
2;8;100;0.001321;0.155038;24
2;8;100;0.001224;0.133971;24
2;8;100;0.001359;0.11542;24
2;8;100;0.001302;0.125263;24
2;8;100;0.001269;0.123909;24
2;8;100;0.001445;0.132768;24
2;8;100;0.001305;0.096769;24
2;8;100;0.001373;0.13384;24
2;8;100;0.001411;0.135159;24
2;8;100;0.001379;0.115429;24
2;8;100;0.001354;0.134297;24
2;8;100;0.00131;0.125333;24
2;8;100;0.001305;0.091802;24
2;8;100;0.001492;0.123705;24
2;8;100;0.001337;0.116596;24
2;8;100;0.00119;0.125575;24
2;8;100;0.001212;0.123899;24
2;8;100;0.001454;0.12343;24
2;8;100;0.001252;0.087394;24
2;8;100;0.001265;0.144658;24
2;8;100;0.001191;0.082934;24
2;8;100;0.001251;0.135824;24
2;8;100;0.001294;0.113257;24
2;8;100;0.001382;0.095887;24
2;8;100;0.001267;0.114909;24
2;8;100;0.001186;0.113518;24
2;8;100;0.001252;0.114222;24
2;8;100;0.001385;0.094653;24
2;8;100;0.001241;0.075448;24
2;8;100;0.00116;0.114331;24
2;8;100;0.001179;0.124822;24
2;8;100;0.00129;0.124482;24
2;8;100;0.001324;0.102849;24
2;8;100;0.001339;0.102029;24
2;8;100;0.001395;0.142695;24
2;8;100;0.001306;0.121567;24
2;8;100;0.001017;0.105432;24
2;8;100;0.001167;0.120253;24
2;8;100;0.00123;0.102129;24
2;8;100;0.001165;0.115439;24
2;8;100;0.001456;0.103195;24
2;8;100;0.001306;0.114522;24
2;8;100;0.0015;0.127092;24
2;8;100;0.001366;0.105284;24
2;8;100;0.001089;0.126134;24
2;8;100;0.001288;0.124975;24
2;8;100;0.001306;0.124444;24
2;8;100;0.001461;0.123378;24
2;8;100;0.001214;0.095695;24
3;8;100;0.014251;0.111588;24
3;8;100;0.001271;0.125485;24
3;8;100;0.001214;0.144677;24
3;8;100;0.001286;0.125451;24
3;8;100;0.001106;0.126316;24
3;8;100;0.001094;0.124638;24
3;8;100;0.00112;0.12426;24
3;8;100;0.001117;0.107046;24
3;8;100;0.001159;0.144241;24
3;8;100;0.001151;0.126128;24
3;8;100;0.0011;0.126357;24
3;8;100;0.001235;0.133516;24
3;8;100;0.001365;0.124116;24
3;8;100;0.001098;0.124862;24
3;8;100;0.001178;0.115668;24
3;8;100;0.001119;0.116457;24
3;8;100;0.001125;0.146076;24
3;8;100;0.001142;0.163854;24
3;8;100;0.001042;0.134832;24
3;8;100;0.001144;0.107197;24
3;8;100;0.001103;0.112517;24
3;8;100;0.001166;0.136166;24
3;8;100;0.001214;0.10537;24
3;8;100;0.001133;0.105238;24
3;8;100;0.001139;0.124112;24
3;8;100;0.001174;0.134924;24
3;8;100;0.001082;0.145763;24
3;8;100;0.001142;0.134928;24
3;8;100;0.001146;0.123354;24
3;8;100;0.001137;0.126944;24
3;8;100;0.001157;0.133155;24
3;8;100;0.001118;0.126168;24
3;8;100;0.001256;0.122937;24
3;8;100;0.001104;0.111644;24
3;8;100;0.001173;0.173543;24
3;8;100;0.001121;0.134891;24
3;8;100;0.001159;0.124534;24
3;8;100;0.001229;0.12995;24
3;8;100;0.001292;0.125371;24
3;8;100;0.001192;0.106084;24
3;8;100;0.001334;0.134177;24
3;8;100;0.001211;0.124778;24
3;8;100;0.001184;0.125813;24
3;8;100;0.001163;0.154684;24
3;8;100;0.001351;0.145487;24
3;8;100;0.001116;0.105168;24
3;8;100;0.001196;0.123885;24
3;8;100;0.001242;0.126011;24
3;8;100;0.00123;0.165255;24
3;8;100;0.001239;0.142204;24
4;8;100;0.016978;0.10906;24
4;8;100;0.00099;0.155674;24
4;8;100;0.001088;0.154925;24
4;8;100;0.000951;0.126144;24
4;8;100;0.001065;0.143772;24
4;8;100;0.001098;0.101453;24
4;8;100;0.001078;0.124829;24
4;8;100;0.000973;0.132699;24
4;8;100;0.001011;0.14584;24
4;8;100;0.00109;0.105855;24
4;8;100;0.000958;0.124976;24
4;8;100;0.001046;0.164051;24
4;8;100;0.001003;0.114561;24
4;8;100;0.001069;0.124774;24
4;8;100;0.001049;0.081558;24
4;8;100;0.001042;0.105946;24
4;8;100;0.001126;0.162814;24
4;8;100;0.001072;0.135717;24
4;8;100;0.001013;0.127017;24
4;8;100;0.000968;0.13483;24
4;8;100;0.001098;0.105003;24
4;8;100;0.001135;0.143309;24
4;8;100;0.001069;0.147085;24
4;8;100;0.001003;0.134432;24
4;8;100;0.001106;0.125885;24
4;8;100;0.001061;0.133798;24
4;8;100;0.001127;0.114303;24
4;8;100;0.000961;0.108235;24
4;8;100;0.001079;0.114283;24
4;8;100;0.000971;0.123857;24
4;8;100;0.001044;0.154983;24
4;8;100;0.000975;0.126446;24
4;8;100;0.000972;0.145161;24
4;8;100;0.00101;0.123175;24
4;8;100;0.001182;0.125915;24
4;8;100;0.000988;0.114301;24
4;8;100;0.000968;0.125431;24
4;8;100;0.00098;0.11551;24
4;8;100;0.000989;0.125923;24
4;8;100;0.001145;0.145235;24
4;8;100;0.001008;0.124972;24
4;8;100;0.001074;0.115412;24
4;8;100;0.001109;0.124404;24
4;8;100;0.001095;0.114357;24
4;8;100;0.001039;0.135221;24
4;8;100;0.000996;0.106078;24
4;8;100;0.001044;0.145119;24
4;8;100;0.001084;0.115023;24
4;8;100;0.001118;0.094802;24
4;8;100;0.001131;0.115201;24
5;8;100;0.014674;0.172066;24
5;8;100;0.000989;0.155056;24
5;8;100;0.000933;0.145315;24
5;8;100;0.000937;0.14298;24
5;8;100;0.000955;0.123659;24
5;8;100;0.000879;0.106895;24
5;8;100;0.000905;0.155996;24
5;8;100;0.012776;0.100441;24
5;8;100;0.000921;0.175909;24
5;8;100;0.000955;0.146584;24
5;8;100;0.001058;0.17472;24
5;8;100;0.000993;0.186079;24
5;8;100;0.000925;0.127795;24
5;8;100;0.000978;0.185305;24
5;8;100;0.001009;0.119972;24
5;8;100;0.000938;0.159527;24
5;8;100;0.001029;0.122556;24
5;8;100;0.000961;0.163877;24
5;8;100;0.000928;0.196324;24
5;8;100;0.000946;0.174444;24
5;8;100;0.000884;0.185527;24
5;8;100;0.000996;0.175109;24
5;8;100;0.000953;0.149909;24
5;8;100;0.00089;0.155295;24
5;8;100;0.001049;0.134634;24
5;8;100;0.000976;0.12634;24
5;8;100;0.001069;0.143733;24
5;8;100;0.001083;0.16984;24
5;8;100;0.000933;0.141152;24
5;8;100;0.000991;0.146381;24
5;8;100;0.000919;0.165254;24
5;8;100;0.000914;0.146181;24
5;8;100;0.00095;0.165467;24
5;8;100;0.000959;0.176292;24
5;8;100;0.000958;0.135558;24
5;8;100;0.00091;0.181349;24
5;8;100;0.000875;0.13406;24
5;8;100;0.00081;0.160824;24
5;8;100;0.000931;0.155643;24
5;8;100;0.000931;0.150135;24
5;8;100;0.000948;0.128633;24
5;8;100;0.007986;0.131164;24
5;8;100;0.000919;0.116397;24
5;8;100;0.000969;0.135335;24
5;8;100;0.00101;0.140886;24
5;8;100;0.000999;0.136702;24
5;8;100;0.000911;0.175153;24
5;8;100;0.000986;0.141329;24
5;8;100;0.000845;0.184543;24
5;8;100;0.000975;0.110249;24
6;8;100;0.015462;0.120643;24
6;8;100;0.000978;0.166111;24
6;8;100;0.000916;0.107293;24
6;8;100;0.001046;0.127626;24
6;8;100;0.001005;0.085034;24
6;8;100;0.004014;0.132337;24
6;8;100;0.001014;0.095644;24
6;8;100;0.000914;0.135863;24
6;8;100;0.000925;0.105735;24
6;8;100;0.001013;0.165784;24
6;8;100;0.000965;0.115459;24
6;8;100;0.004983;0.221826;24
6;8;100;0.001242;0.155591;24
6;8;100;0.005486;0.091339;24
6;8;100;0.00099;0.116976;24
6;8;100;0.003869;0.142392;24
6;8;100;0.000945;0.125653;24
6;8;100;0.004601;0.131635;24
6;8;100;0.001009;0.100665;24
6;8;100;0.004649;0.102261;24
6;8;100;0.000966;0.165633;24
6;8;100;0.004767;0.131191;24
6;8;100;0.005361;0.151844;24
6;8;100;0.005041;0.141194;24
6;8;100;0.005425;0.121167;24
6;8;100;0.004924;0.105928;24
6;8;100;0.0106;0.171383;24
6;8;100;0.000951;0.123598;24
6;8;100;0.000893;0.195396;24
6;8;100;0.004783;0.153357;24
6;8;100;0.000898;0.13474;24
6;8;100;0.001075;0.108198;24
6;8;100;0.01252;0.131816;24
6;8;100;0.00109;0.128715;24
6;8;100;0.001041;0.157021;24
6;8;100;0.011879;0.13164;24
6;8;100;0.002743;0.171851;24
6;8;100;0.000948;0.120594;24
6;8;100;0.000938;0.175942;24
6;8;100;0.000938;0.115343;24
6;8;100;0.005047;0.141348;24
6;8;100;0.007353;0.139178;24
6;8;100;0.001201;0.111224;24
6;8;100;0.004451;0.152486;24
6;8;100;0.000914;0.105958;24
6;8;100;0.001064;0.135567;24
6;8;100;0.000941;0.135166;24
6;8;100;0.006913;0.120061;24
6;8;100;0.001019;0.170655;24
6;8;100;0.014385;0.141975;24
7;8;100;0.016109;0.178888;24
7;8;100;0.014079;0.141484;24
7;8;100;0.014515;0.101726;24
7;8;100;0.007017;0.149161;24
7;8;100;0.015099;0.10168;24
7;8;100;0.013329;0.202713;24
7;8;100;0.014577;0.111687;24
7;8;100;0.013134;0.132886;24
7;8;100;0.013879;0.11235;24
7;8;100;0.013906;0.098914;24
7;8;100;0.019794;0.319811;24
7;8;100;0.013739;0.172363;24
7;8;100;0.013815;0.142274;24
7;8;100;0.013127;0.102805;24
7;8;100;0.013321;0.102904;24
7;8;100;0.007084;0.109288;24
7;8;100;0.013211;0.16666;24
7;8;100;0.008945;0.270498;24
7;8;100;0.013218;0.184154;24
7;8;100;0.013177;0.152894;24
7;8;100;0.013218;0.106151;24
7;8;100;0.012655;0.119162;24
7;8;100;0.006984;0.159138;24
7;8;100;0.006966;0.129169;24
7;8;100;0.013248;0.144176;24
7;8;100;0.011975;0.082943;24
7;8;100;0.014455;0.151676;24
7;8;100;0.013157;0.122943;24
7;8;100;0.007009;0.169122;24
7;8;100;0.014517;0.121628;24
7;8;100;0.013304;0.112658;24
7;8;100;0.006914;0.229164;24
7;8;100;0.016946;0.107488;24
7;8;100;0.008664;0.209102;24
7;8;100;0.006967;0.129709;24
7;8;100;0.01336;0.102846;24
7;8;100;0.017434;0.133878;24
7;8;100;0.01513;0.120226;24
7;8;100;0.012643;0.15338;24
7;8;100;0.011852;0.12913;24
7;8;100;0.006822;0.129178;24
7;8;100;0.013735;0.122327;24
7;8;100;0.013794;0.142302;24
7;8;100;0.013867;0.104204;24
7;8;100;0.013858;0.108677;24
7;8;100;0.008137;0.129787;24
7;8;100;0.013069;0.105978;24
7;8;100;0.011814;0.178845;24
7;8;100;0.014405;0.102826;24
7;8;100;0.013789;0.20003;24
0;8;1000;0.001483;0.000522;24
0;8;1000;0.001558;0.000475;24
0;8;1000;0.001416;0.000497;24
0;8;1000;0.001464;0.000452;24
0;8;1000;0.001545;0.00047;24
0;8;1000;0.001682;0.000449;24
0;8;1000;0.001604;0.000521;24
0;8;1000;0.001437;0.000521;24
0;8;1000;0.00133;0.000433;24
0;8;1000;0.001552;0.000453;24
0;8;1000;0.001677;0.000455;24
0;8;1000;0.001729;0.000512;24
0;8;1000;0.001655;0.000492;24
0;8;1000;0.001713;0.000481;24
0;8;1000;0.001726;0.000477;24
0;8;1000;0.001642;0.000494;24
0;8;1000;0.001561;0.000508;24
0;8;1000;0.001457;0.000449;24
0;8;1000;0.001395;0.000445;24
0;8;1000;0.001329;0.000467;24
0;8;1000;0.001433;0.000461;24
0;8;1000;0.001496;0.000481;24
0;8;1000;0.001556;0.000476;24
0;8;1000;0.001413;0.000459;24
0;8;1000;0.001512;0.000483;24
0;8;1000;0.001576;0.000461;24
0;8;1000;0.00147;0.00046;24
0;8;1000;0.001393;0.000469;24
0;8;1000;0.001554;0.000473;24
0;8;1000;0.001469;0.000473;24
0;8;1000;0.001599;0.000484;24
0;8;1000;0.001424;0.000472;24
0;8;1000;0.00136;0.000483;24
0;8;1000;0.001657;0.000458;24
0;8;1000;0.001541;0.000509;24
0;8;1000;0.001709;0.000502;24
0;8;1000;0.001538;0.000482;24
0;8;1000;0.001584;0.000456;24
0;8;1000;0.001431;0.000452;24
0;8;1000;0.001496;0.000488;24
0;8;1000;0.001456;0.000463;24
0;8;1000;0.001372;0.000511;24
0;8;1000;0.001465;0.000438;24
0;8;1000;0.001439;0.000465;24
0;8;1000;0.001594;0.000458;24
0;8;1000;0.001511;0.000437;24
0;8;1000;0.001396;0.000487;24
0;8;1000;0.001601;0.000452;24
0;8;1000;0.001488;0.000455;24
0;8;1000;0.001463;0.000453;24
1;8;1000;0.014616;0.082318;24
1;8;1000;0.001324;0.104952;24
1;8;1000;0.001383;0.082898;24
1;8;1000;0.001597;0.084582;24
1;8;1000;0.001377;0.125741;24
1;8;1000;0.001684;0.104066;24
1;8;1000;0.001323;0.11067;24
1;8;1000;0.001281;0.108471;24
1;8;1000;0.001507;0.114195;24
1;8;1000;0.001434;0.082776;24
1;8;1000;0.001443;0.132137;24
1;8;1000;0.00139;0.116298;24
1;8;1000;0.002538;0.123523;24
1;8;1000;0.001323;0.063168;24
1;8;1000;0.001398;0.084351;24
1;8;1000;0.001359;0.086964;24
1;8;1000;0.001424;0.090733;24
1;8;1000;0.001219;0.104444;24
1;8;1000;0.001346;0.115751;24
1;8;1000;0.001358;0.056888;24
1;8;1000;0.001343;0.064555;24
1;8;1000;0.001579;0.121835;24
1;8;1000;0.00148;0.102926;24
1;8;1000;0.001418;0.104881;24
1;8;1000;0.001464;0.103314;24
1;8;1000;0.00147;0.114549;24
1;8;1000;0.0014;0.059276;24
1;8;1000;0.001327;0.118066;24
1;8;1000;0.001418;0.091792;24
1;8;1000;0.001406;0.083005;24
1;8;1000;0.001593;0.084073;24
1;8;1000;0.001376;0.074535;24
1;8;1000;0.001413;0.089327;24
1;8;1000;0.001358;0.098216;24
1;8;1000;0.00121;0.141138;24
1;8;1000;0.001362;0.12813;24
1;8;1000;0.00136;0.104797;24
1;8;1000;0.001319;0.10067;24
1;8;1000;0.00153;0.106001;24
1;8;1000;0.001459;0.124716;24
1;8;1000;0.001422;0.054385;24
1;8;1000;0.001359;0.111923;24
1;8;1000;0.001446;0.114305;24
1;8;1000;0.001352;0.065856;24
1;8;1000;0.001343;0.095166;24
1;8;1000;0.001399;0.105972;24
1;8;1000;0.001457;0.104678;24
1;8;1000;0.001366;0.092003;24
1;8;1000;0.001369;0.0822;24
1;8;1000;0.001438;0.085459;24
2;8;1000;0.015862;0.10008;24
2;8;1000;0.001407;0.105506;24
2;8;1000;0.001363;0.142787;24
2;8;1000;0.001409;0.087558;24
2;8;1000;0.001324;0.112694;24
2;8;1000;0.001388;0.13465;24
2;8;1000;0.001263;0.126602;24
2;8;1000;0.001456;0.132493;24
2;8;1000;0.001389;0.135958;24
2;8;1000;0.001142;0.134658;24
2;8;1000;0.001268;0.132197;24
2;8;1000;0.001291;0.14582;24
2;8;1000;0.001366;0.125813;24
2;8;1000;0.001232;0.132084;24
2;8;1000;0.0014;0.134602;24
2;8;1000;0.001431;0.126899;24
2;8;1000;0.00134;0.113316;24
2;8;1000;0.001517;0.083696;24
2;8;1000;0.00137;0.126276;24
2;8;1000;0.001287;0.122673;24
2;8;1000;0.001314;0.143955;24
2;8;1000;0.001216;0.136437;24
2;8;1000;0.001274;0.131378;24
2;8;1000;0.001362;0.125933;24
2;8;1000;0.001306;0.11681;24
2;8;1000;0.001232;0.141533;24
2;8;1000;0.001278;0.125199;24
2;8;1000;0.001244;0.123882;24
2;8;1000;0.001229;0.127993;24
2;8;1000;0.001347;0.092521;24
2;8;1000;0.001467;0.093293;24
2;8;1000;0.001296;0.126355;24
2;8;1000;0.001592;0.113848;24
2;8;1000;0.001272;0.106624;24
2;8;1000;0.001272;0.121392;24
2;8;1000;0.001236;0.136738;24
2;8;1000;0.001264;0.124039;24
2;8;1000;0.001332;0.105763;24
2;8;1000;0.001397;0.113356;24
2;8;1000;0.001197;0.12415;24
2;8;1000;0.001358;0.153878;24
2;8;1000;0.001498;0.124226;24
2;8;1000;0.001259;0.115194;24
2;8;1000;0.001312;0.112706;24
2;8;1000;0.001634;0.116737;24
2;8;1000;0.001304;0.074786;24
2;8;1000;0.001224;0.10248;24
2;8;1000;0.001065;0.136087;24
2;8;1000;0.001319;0.103322;24
2;8;1000;0.001261;0.105786;24
3;8;1000;0.015704;0.111775;24
3;8;1000;0.001108;0.092574;24
3;8;1000;0.001097;0.126098;24
3;8;1000;0.001149;0.142693;24
3;8;1000;0.001116;0.096031;24
3;8;1000;0.001263;0.154853;24
3;8;1000;0.001382;0.115295;24
3;8;1000;0.001231;0.113414;24
3;8;1000;0.001246;0.143947;24
3;8;1000;0.001185;0.135146;24
3;8;1000;0.001124;0.134149;24
3;8;1000;0.001129;0.1268;24
3;8;1000;0.001105;0.122831;24
3;8;1000;0.001158;0.149675;24
3;8;1000;0.001298;0.115537;24
3;8;1000;0.001174;0.136517;24
3;8;1000;0.001217;0.143068;24
3;8;1000;0.001257;0.149736;24
3;8;1000;0.001248;0.122079;24
3;8;1000;0.001135;0.124031;24
3;8;1000;0.001098;0.125855;24
3;8;1000;0.001153;0.115929;24
3;8;1000;0.001093;0.105588;24
3;8;1000;0.001273;0.133095;24
3;8;1000;0.001084;0.124846;24
3;8;1000;0.001173;0.115046;24
3;8;1000;0.001086;0.121694;24
3;8;1000;0.001183;0.122977;24
3;8;1000;0.001126;0.147547;24
3;8;1000;0.001056;0.13365;24
3;8;1000;0.001145;0.123695;24
3;8;1000;0.001053;0.116859;24
3;8;1000;0.001086;0.093523;24
3;8;1000;0.001209;0.136202;24
3;8;1000;0.001144;0.105918;24
3;8;1000;0.001256;0.122587;24
3;8;1000;0.00112;0.117097;24
3;8;1000;0.001146;0.133659;24
3;8;1000;0.001302;0.115483;24
3;8;1000;0.001176;0.144436;24
3;8;1000;0.001294;0.095525;24
3;8;1000;0.001193;0.104805;24
3;8;1000;0.001255;0.10418;24
3;8;1000;0.00134;0.126234;24
3;8;1000;0.001123;0.135261;24
3;8;1000;0.001136;0.140268;24
3;8;1000;0.001175;0.115892;24
3;8;1000;0.001164;0.163755;24
3;8;1000;0.001097;0.136319;24
3;8;1000;0.001383;0.113701;24
4;8;1000;0.016902;0.140859;24
4;8;1000;0.001119;0.153222;24
4;8;1000;0.001296;0.124813;24
4;8;1000;0.001079;0.139698;24
4;8;1000;0.001067;0.169706;24
4;8;1000;0.001217;0.176692;24
4;8;1000;0.001128;0.145079;24
4;8;1000;0.001101;0.09459;24
4;8;1000;0.001137;0.125912;24
4;8;1000;0.001102;0.14492;24
4;8;1000;0.001069;0.143729;24
4;8;1000;0.001143;0.136815;24
4;8;1000;0.00119;0.124426;24
4;8;1000;0.000992;0.145331;24
4;8;1000;0.001113;0.105021;24
4;8;1000;0.001;0.105142;24
4;8;1000;0.001237;0.106822;24
4;8;1000;0.001185;0.113163;24
4;8;1000;0.001102;0.125745;24
4;8;1000;0.001096;0.123208;24
4;8;1000;0.001061;0.164739;24
4;8;1000;0.001092;0.130935;24
4;8;1000;0.001102;0.114436;24
4;8;1000;0.001007;0.145859;24
4;8;1000;0.000998;0.115865;24
4;8;1000;0.001105;0.126253;24
4;8;1000;0.001018;0.131882;24
4;8;1000;0.00112;0.126234;24
4;8;1000;0.001088;0.115054;24
4;8;1000;0.001034;0.123367;24
4;8;1000;0.001104;0.145852;24
4;8;1000;0.001042;0.154022;24
4;8;1000;0.001121;0.144859;24
4;8;1000;0.001029;0.112836;24
4;8;1000;0.001052;0.131892;24
4;8;1000;0.001039;0.119665;24
4;8;1000;0.001074;0.132815;24
4;8;1000;0.000989;0.122646;24
4;8;1000;0.001134;0.154284;24
4;8;1000;0.001044;0.125735;24
4;8;1000;0.00114;0.135597;24
4;8;1000;0.0011;0.125011;24
4;8;1000;0.001155;0.125565;24
4;8;1000;0.001009;0.144583;24
4;8;1000;0.001088;0.08684;24
4;8;1000;0.001208;0.134471;24
4;8;1000;0.001198;0.12576;24
4;8;1000;0.001062;0.141923;24
4;8;1000;0.001048;0.125491;24
4;8;1000;0.001175;0.135875;24
5;8;1000;0.015694;0.140014;24
5;8;1000;0.001085;0.154333;24
5;8;1000;0.001008;0.169772;24
5;8;1000;0.000956;0.17053;24
5;8;1000;0.000951;0.185091;24
5;8;1000;0.000949;0.179861;24
5;8;1000;0.001013;0.132985;24
5;8;1000;0.00101;0.13223;24
5;8;1000;0.001098;0.149904;24
5;8;1000;0.000975;0.121063;24
5;8;1000;0.001102;0.156349;24
5;8;1000;0.000991;0.120456;24
5;8;1000;0.000979;0.174271;24
5;8;1000;0.000982;0.133726;24
5;8;1000;0.001033;0.149855;24
5;8;1000;0.001096;0.113021;24
5;8;1000;0.000997;0.165029;24
5;8;1000;0.001206;0.155529;24
5;8;1000;0.001003;0.106106;24
5;8;1000;0.000987;0.196137;24
5;8;1000;0.00101;0.184818;24
5;8;1000;0.00097;0.159858;24
5;8;1000;0.000971;0.160525;24
5;8;1000;0.001033;0.156312;24
5;8;1000;0.00103;0.135465;24
5;8;1000;0.001048;0.153897;24
5;8;1000;0.001018;0.179571;24
5;8;1000;0.000966;0.107576;24
5;8;1000;0.001041;0.15361;24
5;8;1000;0.000916;0.175333;24
5;8;1000;0.001046;0.185202;24
5;8;1000;0.001;0.154925;24
5;8;1000;0.000995;0.145861;24
5;8;1000;0.001021;0.146607;24
5;8;1000;0.001017;0.165497;24
5;8;1000;0.001044;0.125012;24
5;8;1000;0.001034;0.145072;24
5;8;1000;0.000983;0.200051;24
5;8;1000;0.000974;0.150563;24
5;8;1000;0.00107;0.174984;24
5;8;1000;0.00105;0.123822;24
5;8;1000;0.001031;0.174437;24
5;8;1000;0.001018;0.159968;24
5;8;1000;0.00098;0.13998;24
5;8;1000;0.001051;0.129921;24
5;8;1000;0.000989;0.139951;24
5;8;1000;0.000968;0.130572;24
5;8;1000;0.001066;0.174416;24
5;8;1000;0.000958;0.112528;24
5;8;1000;0.001;0.164251;24
6;8;1000;0.017586;0.189307;24
6;8;1000;0.001138;0.17063;24
6;8;1000;0.001124;0.11511;24
6;8;1000;0.007347;0.140189;24
6;8;1000;0.00109;0.180727;24
6;8;1000;0.00104;0.104766;24
6;8;1000;0.001056;0.174371;24
6;8;1000;0.001096;0.125948;24
6;8;1000;0.005308;0.151866;24
6;8;1000;0.001056;0.140538;24
6;8;1000;0.00522;0.151886;24
6;8;1000;0.001145;0.175849;24
6;8;1000;0.004834;0.202168;24
6;8;1000;0.001068;0.200128;24
6;8;1000;0.005809;0.121831;24
6;8;1000;0.001078;0.175778;24
6;8;1000;0.001086;0.10073;24
6;8;1000;0.014798;0.211282;24
6;8;1000;0.001129;0.160719;24
6;8;1000;0.001096;0.183133;24
6;8;1000;0.00111;0.123741;24
6;8;1000;0.001127;0.133175;24
6;8;1000;0.00108;0.189979;24
6;8;1000;0.015798;0.121945;24
6;8;1000;0.001176;0.170533;24
6;8;1000;0.001097;0.170606;24
6;8;1000;0.015209;0.121973;24
6;8;1000;0.015195;0.171228;24
6;8;1000;0.001104;0.15062;24
6;8;1000;0.001115;0.175189;24
6;8;1000;0.015133;0.142339;24
6;8;1000;0.015057;0.121278;24
6;8;1000;0.007116;0.130435;24
6;8;1000;0.00525;0.131737;24
6;8;1000;0.001051;0.105327;24
6;8;1000;0.000971;0.150471;24
6;8;1000;0.001079;0.175695;24
6;8;1000;0.001043;0.152464;24
6;8;1000;0.001126;0.125799;24
6;8;1000;0.001003;0.106766;24
6;8;1000;0.013582;0.201677;24
6;8;1000;0.014914;0.161826;24
6;8;1000;0.001098;0.12504;24
6;8;1000;0.005508;0.141836;24
6;8;1000;0.015188;0.101108;24
6;8;1000;0.001112;0.130029;24
6;8;1000;0.01413;0.182897;24
6;8;1000;0.014894;0.121782;24
6;8;1000;0.001075;0.175644;24
6;8;1000;0.001127;0.122874;24
7;8;1000;0.017056;0.118676;24
7;8;1000;0.01341;0.132676;24
7;8;1000;0.014655;0.101509;24
7;8;1000;0.013436;0.122766;24
7;8;1000;0.01474;0.151437;24
7;8;1000;0.014713;0.121486;24
7;8;1000;0.013436;0.122664;24
7;8;1000;0.014809;0.111457;24
7;8;1000;0.013478;0.152677;24
7;8;1000;0.01414;0.102012;24
7;8;1000;0.007182;0.208999;24
7;8;1000;0.01658;0.130865;24
7;8;1000;0.012818;0.122181;24
7;8;1000;0.014116;0.09211;24
7;8;1000;0.014729;0.101445;24
7;8;1000;0.014138;0.102056;24
7;8;1000;0.012993;0.191333;24
7;8;1000;0.014729;0.121439;24
7;8;1000;0.017255;0.139028;24
7;8;1000;0.013406;0.122666;24
7;8;1000;0.014776;0.101441;24
7;8;1000;0.016595;0.169586;24
7;8;1000;0.014084;0.122159;24
7;8;1000;0.014758;0.16144;24
7;8;1000;0.014019;0.152129;24
7;8;1000;0.014095;0.135869;24
7;8;1000;0.012743;0.209662;24
7;8;1000;0.013512;0.093417;24
7;8;1000;0.012901;0.227404;24
7;8;1000;0.012551;0.169021;24
7;8;1000;0.013395;0.152734;24
7;8;1000;0.013485;0.152667;24
7;8;1000;0.016031;0.170191;24
7;8;1000;0.014097;0.132159;24
7;8;1000;0.014045;0.112068;24
7;8;1000;0.007241;0.168966;24
7;8;1000;0.014108;0.122081;24
7;8;1000;0.0066;0.179589;24
7;8;1000;0.013548;0.132773;24
7;8;1000;0.014067;0.122084;24
7;8;1000;0.015763;0.080589;24
7;8;1000;0.015951;0.140499;24
7;8;1000;0.007857;0.108713;24
7;8;1000;0.016036;0.09059;24
7;8;1000;0.014823;0.150542;24
7;8;1000;0.015937;0.153651;24
7;8;1000;0.014019;0.120404;24
7;8;1000;0.014167;0.203052;24
7;8;1000;0.015825;0.104798;24
7;8;1000;0.013397;0.070896;24
0;8;10000;0.001469;0.000613;24
0;8;10000;0.001522;0.000626;24
0;8;10000;0.001415;0.000678;24
0;8;10000;0.001348;0.000674;24
0;8;10000;0.001492;0.00063;24
0;8;10000;0.001463;0.000602;24
0;8;10000;0.001497;0.000731;24
0;8;10000;0.001657;0.000623;24
0;8;10000;0.001337;0.00066;24
0;8;10000;0.001434;0.000678;24
0;8;10000;0.001418;0.000675;24
0;8;10000;0.00134;0.000649;24
0;8;10000;0.001409;0.000623;24
0;8;10000;0.001347;0.000693;24
0;8;10000;0.001426;0.000593;24
0;8;10000;0.001516;0.000653;24
0;8;10000;0.001739;0.000645;24
0;8;10000;0.001589;0.000653;24
0;8;10000;0.001482;0.000695;24
0;8;10000;0.001375;0.000661;24
0;8;10000;0.001505;0.000654;24
0;8;10000;0.001387;0.000636;24
0;8;10000;0.001461;0.000632;24
0;8;10000;0.001522;0.000601;24
0;8;10000;0.001415;0.000673;24
0;8;10000;0.001479;0.000644;24
0;8;10000;0.001312;0.000663;24
0;8;10000;0.001318;0.000653;24
0;8;10000;0.00139;0.000626;24
0;8;10000;0.001568;0.000679;24
0;8;10000;0.001541;0.000681;24
0;8;10000;0.001755;0.000626;24
0;8;10000;0.001646;0.000616;24
0;8;10000;0.001321;0.000656;24
0;8;10000;0.00146;0.000617;24
0;8;10000;0.001401;0.000671;24
0;8;10000;0.001457;0.000629;24
0;8;10000;0.001472;0.000684;24
0;8;10000;0.001356;0.000638;24
0;8;10000;0.001636;0.000623;24
0;8;10000;0.001384;0.000649;24
0;8;10000;0.001638;0.000645;24
0;8;10000;0.001475;0.000638;24
0;8;10000;0.001391;0.000615;24
0;8;10000;0.001631;0.000657;24
0;8;10000;0.001506;0.000685;24
0;8;10000;0.001594;0.000675;24
0;8;10000;0.001383;0.000615;24
0;8;10000;0.001456;0.000638;24
0;8;10000;0.00147;0.000689;24
1;8;10000;0.009669;0.110212;24
1;8;10000;0.00134;0.125971;24
1;8;10000;0.001403;0.101866;24
1;8;10000;0.001435;0.104737;24
1;8;10000;0.001578;0.083648;24
1;8;10000;0.001457;0.114976;24
1;8;10000;0.001481;0.104825;24
1;8;10000;0.001572;0.105859;24
1;8;10000;0.001259;0.085184;24
1;8;10000;0.001265;0.114785;24
1;8;10000;0.001424;0.120843;24
1;8;10000;0.001372;0.128312;24
1;8;10000;0.001523;0.074632;24
1;8;10000;0.001241;0.094761;24
1;8;10000;0.00156;0.093345;24
1;8;10000;0.001313;0.101892;24
1;8;10000;0.001388;0.105053;24
1;8;10000;0.001516;0.115877;24
1;8;10000;0.001365;0.12174;24
1;8;10000;0.001494;0.104296;24
1;8;10000;0.001496;0.094732;24
1;8;10000;0.001422;0.125965;24
1;8;10000;0.001227;0.104849;24
1;8;10000;0.001431;0.094218;24
1;8;10000;0.001364;0.103359;24
1;8;10000;0.00135;0.08303;24
1;8;10000;0.001578;0.086868;24
1;8;10000;0.001431;0.083656;24
1;8;10000;0.001459;0.101128;24
1;8;10000;0.001533;0.125486;24
1;8;10000;0.001314;0.09466;24
1;8;10000;0.001397;0.122992;24
1;8;10000;0.001478;0.094522;24
1;8;10000;0.001432;0.123144;24
1;8;10000;0.001427;0.125703;24
1;8;10000;0.001359;0.112834;24
1;8;10000;0.001312;0.10493;24
1;8;10000;0.001466;0.112804;24
1;8;10000;0.001428;0.125871;24
1;8;10000;0.001294;0.083208;24
1;8;10000;0.001335;0.11708;24
1;8;10000;0.001302;0.081949;24
1;8;10000;0.00144;0.124616;24
1;8;10000;0.001416;0.126036;24
1;8;10000;0.00143;0.093772;24
1;8;10000;0.001555;0.103064;24
1;8;10000;0.001347;0.132641;24
1;8;10000;0.001277;0.123962;24
1;8;10000;0.001562;0.105057;24
1;8;10000;0.001449;0.103513;24
2;8;10000;0.014905;0.128697;24
2;8;10000;0.001352;0.116416;24
2;8;10000;0.001377;0.103236;24
2;8;10000;0.001277;0.125774;24
2;8;10000;0.001343;0.106122;24
2;8;10000;0.001252;0.141989;24
2;8;10000;0.001309;0.126038;24
2;8;10000;0.001451;0.132954;24
2;8;10000;0.001455;0.123676;24
2;8;10000;0.001386;0.10641;24
2;8;10000;0.001426;0.113164;24
2;8;10000;0.001263;0.123198;24
2;8;10000;0.001347;0.117064;24
2;8;10000;0.001394;0.101171;24
2;8;10000;0.001389;0.117002;24
2;8;10000;0.001308;0.132616;24
2;8;10000;0.00134;0.113741;24
2;8;10000;0.001424;0.11708;24
2;8;10000;0.001359;0.104927;24
2;8;10000;0.001456;0.133765;24
2;8;10000;0.001332;0.124184;24
2;8;10000;0.001416;0.105049;24
2;8;10000;0.00132;0.10939;24
2;8;10000;0.001421;0.101463;24
2;8;10000;0.001572;0.133669;24
2;8;10000;0.001267;0.145766;24
2;8;10000;0.001267;0.12378;24
2;8;10000;0.00195;0.141947;24
2;8;10000;0.001261;0.10656;24
2;8;10000;0.001536;0.12096;24
2;8;10000;0.001315;0.111415;24
2;8;10000;0.001448;0.134896;24
2;8;10000;0.001391;0.121958;24
2;8;10000;0.001373;0.127351;24
2;8;10000;0.001366;0.12256;24
2;8;10000;0.001534;0.124068;24
2;8;10000;0.001283;0.113891;24
2;8;10000;0.0013;0.134486;24
2;8;10000;0.001293;0.104823;24
2;8;10000;0.001336;0.11502;24
2;8;10000;0.001498;0.123305;24
2;8;10000;0.001553;0.134206;24
2;8;10000;0.001281;0.132305;24
2;8;10000;0.001301;0.104474;24
2;8;10000;0.001599;0.14346;24
2;8;10000;0.001312;0.134752;24
2;8;10000;0.001364;0.116582;24
2;8;10000;0.001307;0.093604;24
2;8;10000;0.001264;0.125008;24
2;8;10000;0.001303;0.131849;24
3;8;10000;0.015936;0.12035;24
3;8;10000;0.014016;0.111684;24
3;8;10000;0.013314;0.121031;24
3;8;10000;0.014455;0.101862;24
3;8;10000;0.013876;0.102279;24
3;8;10000;0.013297;0.141231;24
3;8;10000;0.014471;0.131623;24
3;8;10000;0.01383;0.122928;24
3;8;10000;0.012408;0.101793;24
3;8;10000;0.013784;0.141705;24
3;8;10000;0.013697;0.130473;24
3;8;10000;0.005301;0.171072;24
3;8;10000;0.014414;0.140425;24
3;8;10000;0.014903;0.090393;24
3;8;10000;0.014987;0.101102;24
3;8;10000;0.014552;0.119754;24
3;8;10000;0.015633;0.130518;24
3;8;10000;0.015058;0.110693;24
3;8;10000;0.015213;0.131876;24
3;8;10000;0.014399;0.110622;24
3;8;10000;0.015312;0.110195;24
3;8;10000;0.016045;0.110288;24
3;8;10000;0.016094;0.11996;24
3;8;10000;0.015429;0.132114;24
3;8;10000;0.013969;0.102861;24
3;8;10000;0.012807;0.121224;24
3;8;10000;0.014765;0.130647;24
3;8;10000;0.015098;0.121215;24
3;8;10000;0.014146;0.15191;24
3;8;10000;0.014151;0.120195;24
3;8;10000;0.015889;0.149944;24
3;8;10000;0.016012;0.110639;24
3;8;10000;0.015472;0.111033;24
3;8;10000;0.014851;0.090044;24
3;8;10000;0.015909;0.112604;24
3;8;10000;0.013486;0.111313;24
3;8;10000;0.014675;0.159909;24
3;8;10000;0.015947;0.121221;24
3;8;10000;0.014525;0.122582;24
3;8;10000;0.013584;0.110384;24
3;8;10000;0.01533;0.120142;24
3;8;10000;0.015993;0.110551;24
3;8;10000;0.014845;0.092638;24
3;8;10000;0.013675;0.121158;24
3;8;10000;0.014711;0.149927;24
3;8;10000;0.015982;0.131228;24
3;8;10000;0.014675;0.101969;24
3;8;10000;0.014115;0.111364;24
3;8;10000;0.014613;0.130132;24
3;8;10000;0.015749;0.15048;24
4;8;10000;0.016246;0.129189;24
4;8;10000;0.015307;0.160738;24
4;8;10000;0.015271;0.130525;24
4;8;10000;0.0153;0.150724;24
4;8;10000;0.01526;0.140814;24
4;8;10000;0.015409;0.149801;24
4;8;10000;0.015944;0.141756;24
4;8;10000;0.014164;0.141729;24
4;8;10000;0.014089;0.14266;24
4;8;10000;0.013293;0.161812;24
4;8;10000;0.013924;0.170551;24
4;8;10000;0.015315;0.120462;24
4;8;10000;0.015497;0.150671;24
4;8;10000;0.01522;0.100472;24
4;8;10000;0.015274;0.121079;24
4;8;10000;0.014597;0.170643;24
4;8;10000;0.015217;0.131459;24
4;8;10000;0.01489;0.172673;24
4;8;10000;0.01326;0.141821;24
4;8;10000;0.01377;0.130633;24
4;8;10000;0.015262;0.130066;24
4;8;10000;0.015845;0.161138;24
4;8;10000;0.014549;0.121912;24
4;8;10000;0.013568;0.12082;24
4;8;10000;0.014797;0.121566;24
4;8;10000;0.014018;0.141331;24
4;8;10000;0.014687;0.150683;24
4;8;10000;0.015394;0.139795;24
4;8;10000;0.015853;0.12129;24
4;8;10000;0.014573;0.170662;24
4;8;10000;0.015259;0.150484;24
4;8;10000;0.018933;0.131595;24
4;8;10000;0.014265;0.161208;24
4;8;10000;0.014638;0.161154;24
4;8;10000;0.014624;0.13044;24
4;8;10000;0.015454;0.120338;24
4;8;10000;0.015372;0.121294;24
4;8;10000;0.014602;0.103099;24
4;8;10000;0.01269;0.131182;24
4;8;10000;0.014675;0.121704;24
4;8;10000;0.0142;0.111898;24
4;8;10000;0.014003;0.151724;24
4;8;10000;0.013982;0.141497;24
4;8;10000;0.013975;0.189957;24
4;8;10000;0.016186;0.131671;24
4;8;10000;0.014105;0.130134;24
4;8;10000;0.015735;0.111149;24
4;8;10000;0.014588;0.111802;24
4;8;10000;0.013871;0.121879;24
4;8;10000;0.014169;0.152546;24
5;8;10000;0.014224;0.130395;24
5;8;10000;0.015231;0.121152;24
5;8;10000;0.01555;0.190265;24
5;8;10000;0.016458;0.163524;24
5;8;10000;0.013317;0.151024;24
5;8;10000;0.015569;0.162879;24
5;8;10000;0.014123;0.152685;24
5;8;10000;0.013809;0.150304;24
5;8;10000;0.016215;0.150981;24
5;8;10000;0.015697;0.161616;24
5;8;10000;0.015141;0.131011;24
5;8;10000;0.013001;0.150298;24
5;8;10000;0.01612;0.13028;24
5;8;10000;0.015847;0.190324;24
5;8;10000;0.016371;0.131005;24
5;8;10000;0.015128;0.1409;24
5;8;10000;0.015437;0.120967;24
5;8;10000;0.015572;0.141586;24
5;8;10000;0.0153;0.170914;24
5;8;10000;0.015004;0.165253;24
5;8;10000;0.011777;0.142844;24
5;8;10000;0.016659;0.161466;24
5;8;10000;0.015159;0.15149;24
5;8;10000;0.015239;0.180252;24
5;8;10000;0.016096;0.18029;24
5;8;10000;0.016484;0.171539;24
5;8;10000;0.015161;0.200268;24
5;8;10000;0.016396;0.161562;24
5;8;10000;0.005138;0.190328;24
5;8;10000;0.016233;0.13162;24
5;8;10000;0.014857;0.210371;24
5;8;10000;0.016114;0.150856;24
5;8;10000;0.015134;0.160147;24
5;8;10000;0.015912;0.220165;24
5;8;10000;0.016308;0.170996;24
5;8;10000;0.015401;0.131012;24
5;8;10000;0.015476;0.181016;24
5;8;10000;0.013956;0.160213;24
5;8;10000;0.016379;0.140924;24
5;8;10000;0.015437;0.180208;24
5;8;10000;0.016101;0.200923;24
5;8;10000;0.01516;0.240214;24
5;8;10000;0.016357;0.160334;24
5;8;10000;0.016214;0.180281;24
5;8;10000;0.016297;0.13157;24
5;8;10000;0.015151;0.170299;24
5;8;10000;0.016115;0.12283;24
5;8;10000;0.013552;0.151598;24
5;8;10000;0.015021;0.173545;24
5;8;10000;0.012874;0.150916;24
6;8;10000;0.016158;0.158695;24
6;8;10000;0.014603;0.160643;24
6;8;10000;0.015643;0.18987;24
6;8;10000;0.016408;0.200249;24
6;8;10000;0.015862;0.19212;24
6;8;10000;0.013933;0.200042;24
6;8;10000;0.016451;0.169609;24
6;8;10000;0.016296;0.200563;24
6;8;10000;0.005908;0.169954;24
6;8;10000;0.016812;0.190609;24
6;8;10000;0.015702;0.179716;24
6;8;10000;0.016302;0.150536;24
6;8;10000;0.020765;0.189623;24
6;8;10000;0.016428;0.200102;24
6;8;10000;0.016371;0.171173;24
6;8;10000;0.015146;0.170282;24
6;8;10000;0.015983;0.150803;24
6;8;10000;0.014999;0.150332;24
6;8;10000;0.015658;0.16051;24
6;8;10000;0.015785;0.230229;24
6;8;10000;0.015713;0.200018;24
6;8;10000;0.015818;0.200127;24
6;8;10000;0.015814;0.190662;24
6;8;10000;0.015764;0.150865;24
6;8;10000;0.015141;0.179688;24
6;8;10000;0.016179;0.210623;24
6;8;10000;0.015764;0.202704;24
6;8;10000;0.01289;0.180092;24
6;8;10000;0.015684;0.180172;24
6;8;10000;0.015673;0.190159;24
6;8;10000;0.015686;0.180254;24
6;8;10000;0.015698;0.250228;24
6;8;10000;0.015671;0.219969;24
6;8;10000;0.016197;0.189616;24
6;8;10000;0.016086;0.179942;24
6;8;10000;0.016517;0.25247;24
6;8;10000;0.013706;0.192812;24
6;8;10000;0.016422;0.250204;24
6;8;10000;0.015617;0.189717;24
6;8;10000;0.016313;0.162747;24
6;8;10000;0.01257;0.15297;24
6;8;10000;0.013092;0.209632;24
6;8;10000;0.015539;0.28023;24
6;8;10000;0.015655;0.193117;24
6;8;10000;0.016501;0.219618;24
6;8;10000;0.016142;0.212212;24
6;8;10000;0.016391;0.18234;24
6;8;10000;0.013861;0.23045;24
6;8;10000;0.015656;0.230553;24
6;8;10000;0.015673;0.210197;24
7;8;10000;0.017174;0.267373;24
7;8;10000;0.016627;0.167249;24
7;8;10000;0.017942;0.181906;24
7;8;10000;0.014708;0.167618;24
7;8;10000;0.016616;0.119135;24
7;8;10000;0.017255;0.189109;24
7;8;10000;0.017334;0.088866;24
7;8;10000;0.02296;0.141729;24
7;8;10000;0.017177;0.098732;24
7;8;10000;0.017503;0.11868;24
7;8;10000;0.017527;0.078608;24
7;8;10000;0.017483;0.148792;24
7;8;10000;0.0174;0.128736;24
7;8;10000;0.017498;0.120035;24
7;8;10000;0.016078;0.118749;24
7;8;10000;0.017521;0.138805;24
7;8;10000;0.017579;0.119386;24
7;8;10000;0.014849;0.100395;24
7;8;10000;0.014285;0.190176;24
7;8;10000;0.015035;0.200888;24
7;8;10000;0.012423;0.143242;24
7;8;10000;0.014478;0.142236;24
7;8;10000;0.01393;0.189519;24
7;8;10000;0.013019;0.161455;24
7;8;10000;0.015121;0.160864;24
7;8;10000;0.014018;0.201489;24
7;8;10000;0.014878;0.160876;24
7;8;10000;0.017487;0.21276;24
7;8;10000;0.013451;0.257768;24
7;8;10000;0.007009;0.159052;24
7;8;10000;0.01418;0.16212;24
7;8;10000;0.015766;0.171666;24
7;8;10000;0.01441;0.140994;24
7;8;10000;0.013567;0.181539;24
7;8;10000;0.01501;0.182363;24
7;8;10000;0.016688;0.139249;24
7;8;10000;0.016769;0.179928;24
7;8;10000;0.016779;0.140602;24
7;8;10000;0.015619;0.099389;24
7;8;10000;0.016848;0.119348;24
7;8;10000;0.016946;0.161127;24
7;8;10000;0.01688;0.129431;24
7;8;10000;0.017;0.272981;24
7;8;10000;0.015353;0.080897;24
7;8;10000;0.013907;0.109117;24
7;8;10000;0.015499;0.11035;24
7;8;10000;0.016956;0.162413;24
7;8;10000;0.016871;0.193599;24
7;8;10000;0.013708;0.130774;24
7;8;10000;0.014214;0.109601;24
0;8;100000;0.002838;0.002046;24
0;8;100000;0.002848;0.002066;24
0;8;100000;0.002879;0.002188;24
0;8;100000;0.002777;0.002098;24
0;8;100000;0.002869;0.002396;24
0;8;100000;0.003152;0.002455;24
0;8;100000;0.003001;0.002248;24
0;8;100000;0.002956;0.002368;24
0;8;100000;0.002902;0.002012;24
0;8;100000;0.003263;0.002119;24
0;8;100000;0.002856;0.002009;24
0;8;100000;0.003111;0.002719;24
0;8;100000;0.002849;0.002104;24
0;8;100000;0.002884;0.002563;24
0;8;100000;0.002883;0.002055;24
0;8;100000;0.002868;0.003707;24
0;8;100000;0.002881;0.002099;24
0;8;100000;0.002881;0.002062;24
0;8;100000;0.002897;0.002025;24
0;8;100000;0.002973;0.002183;24
0;8;100000;0.002854;0.002046;24
0;8;100000;0.003184;0.002044;24
0;8;100000;0.003196;0.002051;24
0;8;100000;0.002771;0.002269;24
0;8;100000;0.002818;0.002235;24
0;8;100000;0.003071;0.00205;24
0;8;100000;0.002863;0.002548;24
0;8;100000;0.002837;0.002013;24
0;8;100000;0.003182;0.002196;24
0;8;100000;0.002787;0.002006;24
0;8;100000;0.002905;0.002055;24
0;8;100000;0.002787;0.002011;24
0;8;100000;0.002807;0.00205;24
0;8;100000;0.002982;0.002201;24
0;8;100000;0.002835;0.002084;24
0;8;100000;0.002773;0.002121;24
0;8;100000;0.002786;0.002042;24
0;8;100000;0.002783;0.002491;24
0;8;100000;0.002855;0.002463;24
0;8;100000;0.002876;0.002188;24
0;8;100000;0.002792;0.002409;24
0;8;100000;0.002813;0.002031;24
0;8;100000;0.002856;0.002441;24
0;8;100000;0.002814;0.00226;24
0;8;100000;0.002887;0.002032;24
0;8;100000;0.002875;0.002098;24
0;8;100000;0.00294;0.002174;24
0;8;100000;0.002783;0.002035;24
0;8;100000;0.002787;0.002221;24
0;8;100000;0.002887;0.002068;24
1;8;100000;0.027134;0.136542;24
1;8;100000;0.00323;0.10239;24
1;8;100000;0.003171;0.091356;24
1;8;100000;0.003141;0.101441;24
1;8;100000;0.003154;0.118445;24
1;8;100000;0.003299;0.103839;24
1;8;100000;0.003341;0.11114;24
1;8;100000;0.003173;0.120611;24
1;8;100000;0.00325;0.120444;24
1;8;100000;0.003204;0.131666;24
1;8;100000;0.003067;0.092801;24
1;8;100000;0.003128;0.100261;24
1;8;100000;0.00322;0.120615;24
1;8;100000;0.003195;0.118522;24
1;8;100000;0.003141;0.122872;24
1;8;100000;0.003123;0.084715;24
1;8;100000;0.00313;0.132547;24
1;8;100000;0.003229;0.117994;24
1;8;100000;0.00315;0.083456;24
1;8;100000;0.003141;0.111248;24
1;8;100000;0.003255;0.110724;24
1;8;100000;0.003171;0.100645;24
1;8;100000;0.003157;0.090843;24
1;8;100000;0.003255;0.111085;24
1;8;100000;0.003207;0.0908;24
1;8;100000;0.003171;0.092103;24
1;8;100000;0.00306;0.100272;24
1;8;100000;0.003519;0.07952;24
1;8;100000;0.003185;0.131595;24
1;8;100000;0.00313;0.121359;24
1;8;100000;0.0031;0.109998;24
1;8;100000;0.003132;0.103353;24
1;8;100000;0.003208;0.099071;24
1;8;100000;0.00319;0.111091;24
1;8;100000;0.003195;0.103479;24
1;8;100000;0.003159;0.112123;24
1;8;100000;0.003057;0.100399;24
1;8;100000;0.003147;0.121536;24
1;8;100000;0.00306;0.131539;24
1;8;100000;0.003181;0.129013;24
1;8;100000;0.003184;0.122254;24
1;8;100000;0.00323;0.081854;24
1;8;100000;0.003148;0.101135;24
1;8;100000;0.003105;0.111439;24
1;8;100000;0.003193;0.099396;24
1;8;100000;0.003194;0.101871;24
1;8;100000;0.003271;0.113878;24
1;8;100000;0.003107;0.100064;24
1;8;100000;0.003081;0.118736;24
1;8;100000;0.003181;0.101732;24
2;8;100000;0.003318;0.140905;24
2;8;100000;0.003183;0.124173;24
2;8;100000;0.003174;0.108706;24
2;8;100000;0.003278;0.121493;24
2;8;100000;0.003231;0.152733;24
2;8;100000;0.003255;0.149348;24
2;8;100000;0.003273;0.143173;24
2;8;100000;0.003266;0.100293;24
2;8;100000;0.00328;0.132434;24
2;8;100000;0.003328;0.109745;24
2;8;100000;0.003191;0.131553;24
2;8;100000;0.003218;0.141505;24
2;8;100000;0.006204;0.137713;24
2;8;100000;0.003301;0.141499;24
2;8;100000;0.003266;0.111536;24
2;8;100000;0.003266;0.133549;24
2;8;100000;0.003268;0.110975;24
2;8;100000;0.003311;0.109382;24
2;8;100000;0.003349;0.120143;24
2;8;100000;0.00332;0.12258;24
2;8;100000;0.00319;0.111316;24
2;8;100000;0.003465;0.120365;24
2;8;100000;0.003287;0.13181;24
2;8;100000;0.003314;0.101437;24
2;8;100000;0.00331;0.118607;24
2;8;100000;0.003289;0.099675;24
2;8;100000;0.003273;0.12119;24
2;8;100000;0.003184;0.11986;24
2;8;100000;0.003194;0.122702;24
2;8;100000;0.003271;0.112168;24
2;8;100000;0.003245;0.129345;24
2;8;100000;0.003392;0.112731;24
2;8;100000;0.003271;0.120043;24
2;8;100000;0.003357;0.111235;24
2;8;100000;0.003288;0.111381;24
2;8;100000;0.003318;0.114031;24
2;8;100000;0.003275;0.139591;24
2;8;100000;0.003412;0.099952;24
2;8;100000;0.003214;0.108597;24
2;8;100000;0.004945;0.10774;24
2;8;100000;0.00324;0.100608;24
2;8;100000;0.003291;0.130969;24
2;8;100000;0.003302;0.120697;24
2;8;100000;0.003314;0.129713;24
2;8;100000;0.003488;0.128792;24
2;8;100000;0.003228;0.120618;24
2;8;100000;0.003231;0.089937;24
2;8;100000;0.003574;0.102394;24
2;8;100000;0.003301;0.129331;24
2;8;100000;0.003282;0.120238;24
3;8;100000;0.017562;0.14813;24
3;8;100000;0.003605;0.108721;24
3;8;100000;0.00395;0.151424;24
3;8;100000;0.00369;0.130597;24
3;8;100000;0.003734;0.131479;24
3;8;100000;0.003735;0.130418;24
3;8;100000;0.005006;0.129247;24
3;8;100000;0.003658;0.170059;24
3;8;100000;0.003761;0.112617;24
3;8;100000;0.003705;0.121498;24
3;8;100000;0.003694;0.169738;24
3;8;100000;0.003777;0.151912;24
3;8;100000;0.003657;0.140825;24
3;8;100000;0.003722;0.120394;24
3;8;100000;0.003878;0.129104;24
3;8;100000;0.003884;0.113383;24
3;8;100000;0.003863;0.120881;24
3;8;100000;0.003695;0.120408;24
3;8;100000;0.004038;0.13163;24
3;8;100000;0.003658;0.140318;24
3;8;100000;0.003796;0.121863;24
3;8;100000;0.003715;0.161856;24
3;8;100000;0.003685;0.120809;24
3;8;100000;0.003799;0.15132;24
3;8;100000;0.003729;0.109298;24
3;8;100000;0.003787;0.130856;24
3;8;100000;0.003722;0.152498;24
3;8;100000;0.003672;0.129569;24
3;8;100000;0.003707;0.122179;24
3;8;100000;0.003796;0.142227;24
3;8;100000;0.003788;0.131385;24
3;8;100000;0.003622;0.140286;24
3;8;100000;0.00372;0.13182;24
3;8;100000;0.003766;0.140483;24
3;8;100000;0.003768;0.181853;24
3;8;100000;0.003707;0.119584;24
3;8;100000;0.003894;0.151709;24
3;8;100000;0.003706;0.148258;24
3;8;100000;0.00373;0.111086;24
3;8;100000;0.003897;0.132096;24
3;8;100000;0.003727;0.16877;24
3;8;100000;0.003806;0.142365;24
3;8;100000;0.003728;0.141223;24
3;8;100000;0.003845;0.101082;24
3;8;100000;0.003687;0.129965;24
3;8;100000;0.003654;0.118719;24
3;8;100000;0.0037;0.112684;24
3;8;100000;0.003745;0.170293;24
3;8;100000;0.00366;0.131913;24
3;8;100000;0.003661;0.161102;24
4;8;100000;0.016126;0.125959;24
4;8;100000;0.004195;0.141937;24
4;8;100000;0.004149;0.110745;24
4;8;100000;0.00413;0.159587;24
4;8;100000;0.004174;0.131392;24
4;8;100000;0.004035;0.150101;24
4;8;100000;0.004137;0.131048;24
4;8;100000;0.004136;0.148905;24
4;8;100000;0.004156;0.120465;24
4;8;100000;0.004224;0.152127;24
4;8;100000;0.004102;0.140343;24
4;8;100000;0.00415;0.109953;24
4;8;100000;0.004507;0.14136;24
4;8;100000;0.004125;0.150581;24
4;8;100000;0.004074;0.170496;24
4;8;100000;0.004281;0.130289;24
4;8;100000;0.004174;0.131404;24
4;8;100000;0.015204;0.177131;24
4;8;100000;0.004145;0.120644;24
4;8;100000;0.004156;0.140749;24
4;8;100000;0.004199;0.142578;24
4;8;100000;0.004125;0.148748;24
4;8;100000;0.004131;0.160647;24
4;8;100000;0.004193;0.131638;24
4;8;100000;0.004085;0.12105;24
4;8;100000;0.004172;0.108764;24
4;8;100000;0.004136;0.151425;24
4;8;100000;0.004092;0.150087;24
4;8;100000;0.004121;0.15169;24
4;8;100000;0.004273;0.129809;24
4;8;100000;0.004824;0.120273;24
4;8;100000;0.004042;0.129538;24
4;8;100000;0.004128;0.121179;24
4;8;100000;0.004117;0.140698;24
4;8;100000;0.004075;0.140864;24
4;8;100000;0.00414;0.180757;24
4;8;100000;0.004109;0.150685;24
4;8;100000;0.018108;0.167742;24
4;8;100000;0.004097;0.119662;24
4;8;100000;0.004184;0.149038;24
4;8;100000;0.004225;0.121202;24
4;8;100000;0.004142;0.09144;24
4;8;100000;0.004091;0.111447;24
4;8;100000;0.004166;0.127905;24
4;8;100000;0.004124;0.110352;24
4;8;100000;0.004084;0.119288;24
4;8;100000;0.004106;0.141264;24
4;8;100000;0.004141;0.140038;24
4;8;100000;0.004212;0.15076;24
4;8;100000;0.004136;0.1421;24
5;8;100000;0.018732;0.164536;24
5;8;100000;0.005207;0.129218;24
5;8;100000;0.005118;0.160648;24
5;8;100000;0.005042;0.151485;24
5;8;100000;0.005076;0.209357;24
5;8;100000;0.005186;0.200485;24
5;8;100000;0.005078;0.138894;24
5;8;100000;0.005388;0.151422;24
5;8;100000;0.005251;0.168535;24
5;8;100000;0.005117;0.129665;24
5;8;100000;0.005074;0.191827;24
5;8;100000;0.005135;0.150769;24
5;8;100000;0.005479;0.151516;24
5;8;100000;0.014503;0.158051;24
5;8;100000;0.0052;0.173086;24
5;8;100000;0.005085;0.129202;24
5;8;100000;0.005067;0.149214;24
5;8;100000;0.005102;0.170312;24
5;8;100000;0.005086;0.191055;24
5;8;100000;0.00509;0.159893;24
5;8;100000;0.0053;0.140482;24
5;8;100000;0.005289;0.151423;24
5;8;100000;0.005027;0.158658;24
5;8;100000;0.00553;0.186056;24
5;8;100000;0.005311;0.150192;24
5;8;100000;0.005222;0.159812;24
5;8;100000;0.005119;0.161098;24
5;8;100000;0.00531;0.169781;24
5;8;100000;0.00514;0.14225;24
5;8;100000;0.014774;0.186155;24
5;8;100000;0.005285;0.1684;24
5;8;100000;0.005208;0.160875;24
5;8;100000;0.005111;0.170452;24
5;8;100000;0.005277;0.149768;24
5;8;100000;0.005326;0.149651;24
5;8;100000;0.005229;0.148375;24
5;8;100000;0.005109;0.150674;24
5;8;100000;0.005023;0.158752;24
5;8;100000;0.005074;0.152321;24
5;8;100000;0.005029;0.158633;24
5;8;100000;0.004999;0.149303;24
5;8;100000;0.005215;0.121271;24
5;8;100000;0.005326;0.1292;24
5;8;100000;0.005192;0.200036;24
5;8;100000;0.005043;0.15143;24
5;8;100000;0.005064;0.180194;24
5;8;100000;0.005487;0.190517;24
5;8;100000;0.005228;0.158286;24
5;8;100000;0.005306;0.169994;24
5;8;100000;0.005282;0.139659;24
6;8;100000;0.020304;0.22418;24
6;8;100000;0.007362;0.143509;24
6;8;100000;0.018741;0.196178;24
6;8;100000;0.00711;0.206212;24
6;8;100000;0.007313;0.187403;24
6;8;100000;0.011242;0.194182;24
6;8;100000;0.010916;0.164984;24
6;8;100000;0.007155;0.189495;24
6;8;100000;0.019397;0.164811;24
6;8;100000;0.010714;0.171619;24
6;8;100000;0.007328;0.229176;24
6;8;100000;0.014545;0.135107;24
6;8;100000;0.007216;0.19807;24
6;8;100000;0.016646;0.194072;24
6;8;100000;0.016835;0.165578;24
6;8;100000;0.007302;0.13857;24
6;8;100000;0.007319;0.170365;24
6;8;100000;0.018196;0.164438;24
6;8;100000;0.007168;0.19801;24
6;8;100000;0.007081;0.198389;24
6;8;100000;0.00713;0.147654;24
6;8;100000;0.010746;0.200881;24
6;8;100000;0.007112;0.18792;24
6;8;100000;0.007133;0.147741;24
6;8;100000;0.007072;0.169693;24
6;8;100000;0.018884;0.216236;24
6;8;100000;0.020153;0.147611;24
6;8;100000;0.017469;0.194861;24
6;8;100000;0.020029;0.155053;24
6;8;100000;0.007125;0.227964;24
6;8;100000;0.007348;0.190269;24
6;8;100000;0.00707;0.182974;24
6;8;100000;0.007248;0.167893;24
6;8;100000;0.007073;0.177375;24
6;8;100000;0.020359;0.16489;24
6;8;100000;0.007182;0.128014;24
6;8;100000;0.015999;0.153147;24
6;8;100000;0.00716;0.197452;24
6;8;100000;0.007112;0.177946;24
6;8;100000;0.00716;0.20804;24
6;8;100000;0.00722;0.198076;24
6;8;100000;0.007217;0.217883;24
6;8;100000;0.007142;0.151527;24
6;8;100000;0.007075;0.187466;24
6;8;100000;0.02096;0.234699;24
6;8;100000;0.007137;0.161724;24
6;8;100000;0.007258;0.180194;24
6;8;100000;0.016944;0.165035;24
6;8;100000;0.010837;0.18149;24
6;8;100000;0.007126;0.217402;24
7;8;100000;0.027421;0.187757;24
7;8;100000;0.024495;0.187757;24
7;8;100000;0.026379;0.216455;24
7;8;100000;0.024686;0.199475;24
7;8;100000;0.024271;0.170152;24
7;8;100000;0.024885;0.157934;24
7;8;100000;0.024198;0.203433;24
7;8;100000;0.02476;0.206542;24
7;8;100000;0.024154;0.120954;24
7;8;100000;0.027663;0.150788;24
7;8;100000;0.025219;0.219554;24
7;8;100000;0.026803;0.127277;24
7;8;100000;0.027361;0.145608;24
7;8;100000;0.027352;0.137089;24
7;8;100000;0.025385;0.178964;24
7;8;100000;0.025274;0.209618;24
7;8;100000;0.02666;0.137234;24
7;8;100000;0.026679;0.147145;24
7;8;100000;0.014391;0.160578;24
7;8;100000;0.014249;0.201206;24
7;8;100000;0.027327;0.137409;24
7;8;100000;0.024692;0.189594;24
7;8;100000;0.024864;0.212698;24
7;8;100000;0.028067;0.187775;24
7;8;100000;0.021506;0.130579;24
7;8;100000;0.017249;0.207074;24
7;8;100000;0.027169;0.228235;24
7;8;100000;0.024555;0.088436;24
7;8;100000;0.014073;0.129786;24
7;8;100000;0.024595;0.189457;24
7;8;100000;0.024647;0.239512;24
7;8;100000;0.02416;0.159451;24
7;8;100000;0.024637;0.1496;24
7;8;100000;0.03531;0.22959;24
7;8;100000;0.024618;0.162595;24
7;8;100000;0.031946;0.161507;24
7;8;100000;0.025203;0.173176;24
7;8;100000;0.030697;0.131301;24
7;8;100000;0.023806;0.096579;24
7;8;100000;0.024691;0.050211;24
7;8;100000;0.025802;0.227572;24
7;8;100000;0.027276;0.168836;24
7;8;100000;0.024522;0.197621;24
7;8;100000;0.025295;0.198881;24
7;8;100000;0.024674;0.179562;24
7;8;100000;0.024793;0.149602;24
7;8;100000;0.024624;0.259559;24
7;8;100000;0.024646;0.209632;24
7;8;100000;0.024496;0.179466;24
7;8;100000;0.024737;0.119517;24
0;8;1000000;0.020359;0.016938;24
0;8;1000000;0.019815;0.019175;24
0;8;1000000;0.019874;0.018651;24
0;8;1000000;0.019984;0.016935;24
0;8;1000000;0.019865;0.016937;24
0;8;1000000;0.020279;0.022406;24
0;8;1000000;0.020492;0.017443;24
0;8;1000000;0.01993;0.016951;24
0;8;1000000;0.01993;0.017399;24
0;8;1000000;0.019995;0.01907;24
0;8;1000000;0.02014;0.01729;24
0;8;1000000;0.019837;0.017314;24
0;8;1000000;0.020086;0.017405;24
0;8;1000000;0.019996;0.017191;24
0;8;1000000;0.020237;0.0213;24
0;8;1000000;0.019915;0.018872;24
0;8;1000000;0.019803;0.01834;24
0;8;1000000;0.019908;0.020532;24
0;8;1000000;0.021944;0.016921;24
0;8;1000000;0.019884;0.018747;24
0;8;1000000;0.01998;0.021299;24
0;8;1000000;0.02013;0.017241;24
0;8;1000000;0.019878;0.020705;24
0;8;1000000;0.019822;0.020158;24
0;8;1000000;0.0202;0.018555;24
0;8;1000000;0.020196;0.018951;24
0;8;1000000;0.020189;0.018808;24
0;8;1000000;0.019929;0.017269;24
0;8;1000000;0.020058;0.017739;24
0;8;1000000;0.019854;0.017229;24
0;8;1000000;0.020189;0.01709;24
0;8;1000000;0.019756;0.020538;24
0;8;1000000;0.019932;0.018806;24
0;8;1000000;0.019845;0.020564;24
0;8;1000000;0.020101;0.017452;24
0;8;1000000;0.019897;0.01723;24
0;8;1000000;0.019936;0.017257;24
0;8;1000000;0.019818;0.022033;24
0;8;1000000;0.019925;0.019092;24
0;8;1000000;0.020092;0.01692;24
0;8;1000000;0.020152;0.01694;24
0;8;1000000;0.019975;0.017364;24
0;8;1000000;0.020129;0.016983;24
0;8;1000000;0.019875;0.018759;24
0;8;1000000;0.02012;0.017794;24
0;8;1000000;0.020105;0.017211;24
0;8;1000000;0.019978;0.018608;24
0;8;1000000;0.01976;0.017187;24
0;8;1000000;0.021084;0.01918;24
0;8;1000000;0.02;0.017317;24
1;8;1000000;0.025202;0.12731;24
1;8;1000000;0.025311;0.145748;24
1;8;1000000;0.025103;0.169575;24
1;8;1000000;0.025087;0.093017;24
1;8;1000000;0.025226;0.114727;24
1;8;1000000;0.025188;0.146554;24
1;8;1000000;0.025157;0.139408;24
1;8;1000000;0.025256;0.128925;24
1;8;1000000;0.025053;0.115807;24
1;8;1000000;0.025316;0.121169;24
1;8;1000000;0.025324;0.132014;24
1;8;1000000;0.025203;0.136946;24
1;8;1000000;0.025114;0.139428;24
1;8;1000000;0.025209;0.136972;24
1;8;1000000;0.025058;0.150649;24
1;8;1000000;0.025211;0.145928;24
1;8;1000000;0.025251;0.117431;24
1;8;1000000;0.025083;0.137847;24
1;8;1000000;0.025216;0.184749;24
1;8;1000000;0.025107;0.152647;24
1;8;1000000;0.025315;0.13825;24
1;8;1000000;0.025218;0.137673;24
1;8;1000000;0.025229;0.138133;24
1;8;1000000;0.02525;0.147051;24
1;8;1000000;0.025161;0.118268;24
1;8;1000000;0.025109;0.149487;24
1;8;1000000;0.025141;0.127673;24
1;8;1000000;0.025245;0.140648;24
1;8;1000000;0.02505;0.118916;24
1;8;1000000;0.025073;0.149453;24
1;8;1000000;0.025153;0.159945;24
1;8;1000000;0.025159;0.11829;24
1;8;1000000;0.025245;0.14581;24
1;8;1000000;0.025099;0.129478;24
1;8;1000000;0.025317;0.168209;24
1;8;1000000;0.02512;0.140174;24
1;8;1000000;0.025145;0.146251;24
1;8;1000000;0.025249;0.151172;24
1;8;1000000;0.025192;0.156706;24
1;8;1000000;0.025216;0.130511;24
1;8;1000000;0.025305;0.138417;24
1;8;1000000;0.025183;0.170162;24
1;8;1000000;0.02516;0.129097;24
1;8;1000000;0.025314;0.136342;24
1;8;1000000;0.025145;0.151036;24
1;8;1000000;0.025109;0.098676;24
1;8;1000000;0.025125;0.155027;24
1;8;1000000;0.025019;0.109287;24
1;8;1000000;0.025215;0.131003;24
1;8;1000000;0.025102;0.158401;24
2;8;1000000;0.033018;0.152072;24
2;8;1000000;0.025329;0.16847;24
2;8;1000000;0.025367;0.159212;24
2;8;1000000;0.02526;0.147025;24
2;8;1000000;0.025246;0.171735;24
2;8;1000000;0.025387;0.136212;24
2;8;1000000;0.025276;0.149979;24
2;8;1000000;0.025557;0.156845;24
2;8;1000000;0.02571;0.161681;24
2;8;1000000;0.025371;0.159179;24
2;8;1000000;0.025562;0.137817;24
2;8;1000000;0.025321;0.139321;24
2;8;1000000;0.025598;0.167712;24
2;8;1000000;0.025303;0.138186;24
2;8;1000000;0.02525;0.16068;24
2;8;1000000;0.025315;0.158996;24
2;8;1000000;0.025212;0.126382;24
2;8;1000000;0.025296;0.15646;24
2;8;1000000;0.02537;0.157538;24
2;8;1000000;0.025201;0.151869;24
2;8;1000000;0.025262;0.137724;24
2;8;1000000;0.02554;0.147882;24
2;8;1000000;0.025262;0.151099;24
2;8;1000000;0.02586;0.156487;24
2;8;1000000;0.025556;0.130257;24
2;8;1000000;0.025207;0.166217;24
2;8;1000000;0.025266;0.131793;24
2;8;1000000;0.025187;0.157318;24
2;8;1000000;0.02847;0.155602;24
2;8;1000000;0.025298;0.139414;24
2;8;1000000;0.025306;0.158778;24
2;8;1000000;0.025292;0.139292;24
2;8;1000000;0.025252;0.120145;24
2;8;1000000;0.025355;0.139949;24
2;8;1000000;0.025461;0.138043;24
2;8;1000000;0.025518;0.148783;24
2;8;1000000;0.02527;0.166283;24
2;8;1000000;0.025219;0.160562;24
2;8;1000000;0.025337;0.156128;24
2;8;1000000;0.025259;0.141908;24
2;8;1000000;0.025905;0.137293;24
2;8;1000000;0.025362;0.127779;24
2;8;1000000;0.025402;0.141388;24
2;8;1000000;0.025373;0.155521;24
2;8;1000000;0.025265;0.129686;24
2;8;1000000;0.025327;0.167766;24
2;8;1000000;0.028555;0.146062;24
2;8;1000000;0.025305;0.148117;24
2;8;1000000;0.025293;0.141384;24
2;8;1000000;0.025266;0.137775;24
3;8;1000000;0.040026;0.156478;24
3;8;1000000;0.030939;0.161755;24
3;8;1000000;0.030745;0.152711;24
3;8;1000000;0.031661;0.165068;24
3;8;1000000;0.030808;0.152459;24
3;8;1000000;0.030829;0.152428;24
3;8;1000000;0.03268;0.153277;24
3;8;1000000;0.030593;0.145143;24
3;8;1000000;0.030672;0.160627;24
3;8;1000000;0.030678;0.135225;24
3;8;1000000;0.030699;0.182541;24
3;8;1000000;0.030738;0.175224;24
3;8;1000000;0.030751;0.162558;24
3;8;1000000;0.030764;0.172676;24
3;8;1000000;0.030556;0.172544;24
3;8;1000000;0.030739;0.156515;24
3;8;1000000;0.030791;0.163265;24
3;8;1000000;0.030634;0.165066;24
3;8;1000000;0.030714;0.153073;24
3;8;1000000;0.049703;0.175531;24
3;8;1000000;0.030881;0.144295;24
3;8;1000000;0.030792;0.142776;24
3;8;1000000;0.030645;0.164017;24
3;8;1000000;0.030744;0.144639;24
3;8;1000000;0.030982;0.16175;24
3;8;1000000;0.030733;0.184062;24
3;8;1000000;0.031056;0.173435;24
3;8;1000000;0.030725;0.154545;24
3;8;1000000;0.030584;0.15213;24
3;8;1000000;0.030753;0.144103;24
3;8;1000000;0.03064;0.173753;24
3;8;1000000;0.030753;0.163217;24
3;8;1000000;0.030559;0.144702;24
3;8;1000000;0.030739;0.143406;24
3;8;1000000;0.03079;0.161515;24
3;8;1000000;0.031925;0.142527;24
3;8;1000000;0.0307;0.135752;24
3;8;1000000;0.030753;0.151252;24
3;8;1000000;0.030669;0.184934;24
3;8;1000000;0.030671;0.164207;24
3;8;1000000;0.030671;0.143653;24
3;8;1000000;0.030737;0.163304;24
3;8;1000000;0.030923;0.16116;24
3;8;1000000;0.031801;0.14377;24
3;8;1000000;0.030785;0.144031;24
3;8;1000000;0.031653;0.140563;24
3;8;1000000;0.030684;0.154532;24
3;8;1000000;0.03908;0.164967;24
3;8;1000000;0.030752;0.154713;24
3;8;1000000;0.030678;0.162266;24
4;8;1000000;0.045262;0.158713;24
4;8;1000000;0.036143;0.148149;24
4;8;1000000;0.036018;0.189927;24
4;8;1000000;0.036633;0.176755;24
4;8;1000000;0.036219;0.198975;24
4;8;1000000;0.036193;0.19685;24
4;8;1000000;0.03604;0.189843;24
4;8;1000000;0.035999;0.146308;24
4;8;1000000;0.036674;0.138898;24
4;8;1000000;0.036012;0.17975;24
4;8;1000000;0.055163;0.159143;24
4;8;1000000;0.036044;0.170011;24
4;8;1000000;0.036627;0.187306;24
4;8;1000000;0.036072;0.193906;24
4;8;1000000;0.035964;0.189172;24
4;8;1000000;0.036147;0.177346;24
4;8;1000000;0.035907;0.178122;24
4;8;1000000;0.035974;0.179927;24
4;8;1000000;0.035908;0.177749;24
4;8;1000000;0.035967;0.197945;24
4;8;1000000;0.035915;0.188688;24
4;8;1000000;0.036119;0.178415;24
4;8;1000000;0.035969;0.190052;24
4;8;1000000;0.035916;0.188082;24
4;8;1000000;0.035954;0.187997;24
4;8;1000000;0.036358;0.198959;24
4;8;1000000;0.045307;0.168085;24
4;8;1000000;0.035979;0.187983;24
4;8;1000000;0.036353;0.167883;24
4;8;1000000;0.036661;0.148888;24
4;8;1000000;0.036034;0.177608;24
4;8;1000000;0.03614;0.20669;24
4;8;1000000;0.037799;0.176461;24
4;8;1000000;0.035952;0.20878;24
4;8;1000000;0.036438;0.156881;24
4;8;1000000;0.036039;0.177859;24
4;8;1000000;0.037875;0.156861;24
4;8;1000000;0.036143;0.167774;24
4;8;1000000;0.036117;0.147153;24
4;8;1000000;0.044746;0.191333;24
4;8;1000000;0.03598;0.177215;24
4;8;1000000;0.036681;0.176905;24
4;8;1000000;0.036068;0.197506;24
4;8;1000000;0.044357;0.160837;24
4;8;1000000;0.036239;0.1461;24
4;8;1000000;0.035979;0.199405;24
4;8;1000000;0.035951;0.18745;24
4;8;1000000;0.036675;0.176549;24
4;8;1000000;0.036206;0.159633;24
4;8;1000000;0.035911;0.167471;24
5;8;1000000;0.063493;0.189565;24
5;8;1000000;0.056127;0.188093;24
5;8;1000000;0.046852;0.179417;24
5;8;1000000;0.046785;0.227113;24
5;8;1000000;0.046621;0.179187;24
5;8;1000000;0.046638;0.159127;24
5;8;1000000;0.047121;0.188813;24
5;8;1000000;0.046908;0.159852;24
5;8;1000000;0.047024;0.146982;24
5;8;1000000;0.048674;0.189228;24
5;8;1000000;0.046981;0.239637;24
5;8;1000000;0.046691;0.169247;24
5;8;1000000;0.047169;0.216125;24
5;8;1000000;0.065498;0.190806;24
5;8;1000000;0.048385;0.166717;24
5;8;1000000;0.046774;0.237118;24
5;8;1000000;0.046952;0.237913;24
5;8;1000000;0.046871;0.19874;24
5;8;1000000;0.046735;0.154394;24
5;8;1000000;0.046935;0.177543;24
5;8;1000000;0.046858;0.169453;24
5;8;1000000;0.046737;0.188325;24
5;8;1000000;0.046748;0.198265;24
5;8;1000000;0.046876;0.230523;24
5;8;1000000;0.046795;0.150135;24
5;8;1000000;0.046848;0.166038;24
5;8;1000000;0.046707;0.190066;24
5;8;1000000;0.047083;0.207951;24
5;8;1000000;0.04696;0.188049;24
5;8;1000000;0.056597;0.178912;24
5;8;1000000;0.04679;0.197559;24
5;8;1000000;0.04791;0.208593;24
5;8;1000000;0.04679;0.16745;24
5;8;1000000;0.064245;0.200688;24
5;8;1000000;0.046966;0.239472;24
5;8;1000000;0.046814;0.138151;24
5;8;1000000;0.046777;0.188296;24
5;8;1000000;0.046692;0.187298;24
5;8;1000000;0.046729;0.215597;24
5;8;1000000;0.046711;0.169873;24
5;8;1000000;0.046806;0.219241;24
5;8;1000000;0.046915;0.218025;24
5;8;1000000;0.046917;0.157574;24
5;8;1000000;0.04681;0.172147;24
5;8;1000000;0.046836;0.146989;24
5;8;1000000;0.047309;0.197305;24
5;8;1000000;0.04712;0.17844;24
5;8;1000000;0.046806;0.197783;24
5;8;1000000;0.046855;0.266861;24
5;8;1000000;0.046669;0.198675;24
6;8;1000000;0.077942;0.176818;24
6;8;1000000;0.085922;0.238097;24
6;8;1000000;0.068259;0.156192;24
6;8;1000000;0.068292;0.196386;24
6;8;1000000;0.076908;0.167953;24
6;8;1000000;0.076387;0.199092;24
6;8;1000000;0.068272;0.185147;24
6;8;1000000;0.075662;0.1694;24
6;8;1000000;0.069505;0.18485;24
6;8;1000000;0.068371;0.186455;24
6;8;1000000;0.06825;0.217651;24
6;8;1000000;0.068468;0.157277;24
6;8;1000000;0.067751;0.196103;24
6;8;1000000;0.067778;0.227387;24
6;8;1000000;0.068434;0.216697;24
6;8;1000000;0.068418;0.174527;24
6;8;1000000;0.068202;0.206513;24
6;8;1000000;0.075177;0.169435;24
6;8;1000000;0.08672;0.187947;24
6;8;1000000;0.067791;0.1572;24
6;8;1000000;0.067808;0.186813;24
6;8;1000000;0.068229;0.195744;24
6;8;1000000;0.069523;0.235199;24
6;8;1000000;0.068047;0.17612;24
6;8;1000000;0.068203;0.206479;24
6;8;1000000;0.075718;0.220774;24
6;8;1000000;0.068321;0.244881;24
6;8;1000000;0.068284;0.245866;24
6;8;1000000;0.067842;0.227308;24
6;8;1000000;0.068379;0.225654;24
6;8;1000000;0.068422;0.147335;24
6;8;1000000;0.073929;0.178709;24
6;8;1000000;0.076123;0.239191;24
6;8;1000000;0.067749;0.216449;24
6;8;1000000;0.068309;0.247936;24
6;8;1000000;0.068178;0.186769;24
6;8;1000000;0.068089;0.185976;24
6;8;1000000;0.068138;0.176878;24
6;8;1000000;0.076219;0.208128;24
6;8;1000000;0.075964;0.189368;24
6;8;1000000;0.068435;0.285711;24
6;8;1000000;0.067779;0.186434;24
6;8;1000000;0.085395;0.189952;24
6;8;1000000;0.068307;0.175298;24
6;8;1000000;0.076435;0.188147;24
6;8;1000000;0.068202;0.186607;24
6;8;1000000;0.076097;0.208666;24
6;8;1000000;0.067746;0.166927;24
6;8;1000000;0.067887;0.236073;24
6;8;1000000;0.068465;0.206653;24
7;8;1000000;0.141766;0.182049;24
7;8;1000000;0.141071;0.182637;24
7;8;1000000;0.143889;0.238414;24
7;8;1000000;0.142862;0.183093;24
7;8;1000000;0.140937;0.162793;24
7;8;1000000;0.141317;0.161895;24
7;8;1000000;0.143014;0.191202;24
7;8;1000000;0.140241;0.221871;24
7;8;1000000;0.133319;0.151133;24
7;8;1000000;0.140469;0.171767;24
7;8;1000000;0.141793;0.241869;24
7;8;1000000;0.141476;0.191891;24
7;8;1000000;0.150936;0.222421;24
7;8;1000000;0.142406;0.201197;24
7;8;1000000;0.141161;0.252617;24
7;8;1000000;0.149545;0.153912;24
7;8;1000000;0.141868;0.131743;24
7;8;1000000;0.142176;0.244647;24
7;8;1000000;0.145827;0.183686;24
7;8;1000000;0.148586;0.224941;24
7;8;1000000;0.152436;0.15095;24
7;8;1000000;0.140933;0.302637;24
7;8;1000000;0.146152;0.17827;24
7;8;1000000;0.148562;0.184956;24
7;8;1000000;0.142167;0.151322;24
7;8;1000000;0.148355;0.215027;24
7;8;1000000;0.148417;0.225063;24
7;8;1000000;0.140399;0.181355;24
7;8;1000000;0.149186;0.2142;24
7;8;1000000;0.147555;0.163803;24
7;8;1000000;0.139135;0.224369;24
7;8;1000000;0.148378;0.244975;24
7;8;1000000;0.14843;0.234973;24
7;8;1000000;0.151669;0.221369;24
7;8;1000000;0.148511;0.197538;24
7;8;1000000;0.1389;0.22032;24
7;8;1000000;0.149996;0.183424;24
7;8;1000000;0.140199;0.185811;24
7;8;1000000;0.148757;0.178227;24
7;8;1000000;0.149221;0.225232;24
7;8;1000000;0.140437;0.162109;24
7;8;1000000;0.142652;0.180599;24
7;8;1000000;0.148187;0.215;24
7;8;1000000;0.14818;0.248072;24
7;8;1000000;0.133391;0.193401;24
7;8;1000000;0.140798;0.269869;24
7;8;1000000;0.148553;0.158309;24
7;8;1000000;0.148914;0.185042;24
7;8;1000000;0.148535;0.255158;24
7;8;1000000;0.14991;0.213162;24
0;8;10000000;0.20544;0.191468;24
0;8;10000000;0.205975;0.191932;24
0;8;10000000;0.205701;0.193274;24
0;8;10000000;0.207846;0.221888;24
0;8;10000000;0.205581;0.193054;24
0;8;10000000;0.213702;0.192517;24
0;8;10000000;0.205616;0.192736;24
0;8;10000000;0.206053;0.244126;24
0;8;10000000;0.208525;0.223703;24
0;8;10000000;0.205608;0.209309;24
0;8;10000000;0.208632;0.193609;24
0;8;10000000;0.205754;0.192713;24
0;8;10000000;0.205621;0.195682;24
0;8;10000000;0.206745;0.19886;24
0;8;10000000;0.206533;0.191971;24
0;8;10000000;0.205672;0.190445;24
0;8;10000000;0.206618;0.198405;24
0;8;10000000;0.205663;0.189885;24
0;8;10000000;0.20574;0.187992;24
0;8;10000000;0.209867;0.189002;24
0;8;10000000;0.206286;0.212121;24
0;8;10000000;0.20841;0.195086;24
0;8;10000000;0.20562;0.193011;24
0;8;10000000;0.207523;0.190031;24
0;8;10000000;0.205905;0.191957;24
0;8;10000000;0.205853;0.238195;24
0;8;10000000;0.206001;0.192007;24
0;8;10000000;0.206608;0.227524;24
0;8;10000000;0.210647;0.192211;24
0;8;10000000;0.207285;0.19284;24
0;8;10000000;0.208192;0.246572;24
0;8;10000000;0.205798;0.189329;24
0;8;10000000;0.205852;0.189264;24
0;8;10000000;0.221878;0.194118;24
0;8;10000000;0.205493;0.18897;24
0;8;10000000;0.208403;0.21655;24
0;8;10000000;0.208037;0.193334;24
0;8;10000000;0.207705;0.188393;24
0;8;10000000;0.209692;0.193539;24
0;8;10000000;0.207105;0.188904;24
0;8;10000000;0.205785;0.19236;24
0;8;10000000;0.20725;0.193001;24
0;8;10000000;0.206382;0.18845;24
0;8;10000000;0.208597;0.230936;24
0;8;10000000;0.205808;0.189097;24
0;8;10000000;0.205578;0.192185;24
0;8;10000000;0.207372;0.234577;24
0;8;10000000;0.208239;0.192907;24
0;8;10000000;0.221851;0.188092;24
0;8;10000000;0.205675;0.195586;24
1;8;10000000;0.262042;0.428462;24
1;8;10000000;0.262686;0.429545;24
1;8;10000000;0.26256;0.405179;24
1;8;10000000;0.263925;0.436377;24
1;8;10000000;0.26348;0.428159;24
1;8;10000000;0.262549;0.421209;24
1;8;10000000;0.262181;0.440126;24
1;8;10000000;0.261992;0.451412;24
1;8;10000000;0.262109;0.403168;24
1;8;10000000;0.262826;0.392308;24
1;8;10000000;0.262754;0.430909;24
1;8;10000000;0.261985;0.420443;24
1;8;10000000;0.262014;0.441052;24
1;8;10000000;0.263048;0.417614;24
1;8;10000000;0.261609;0.434587;24
1;8;10000000;0.263904;0.422214;24
1;8;10000000;0.262888;0.418061;24
1;8;10000000;0.26299;0.430965;24
1;8;10000000;0.262922;0.430247;24
1;8;10000000;0.262714;0.448319;24
1;8;10000000;0.262919;0.403251;24
1;8;10000000;0.26289;0.421473;24
1;8;10000000;0.261644;0.399786;24
1;8;10000000;0.26293;0.424528;24
1;8;10000000;0.261522;0.41325;24
1;8;10000000;0.262032;0.42839;24
1;8;10000000;0.263163;0.41386;24
1;8;10000000;0.261905;0.426545;24
1;8;10000000;0.262673;0.391803;24
1;8;10000000;0.262968;0.423332;24
1;8;10000000;0.262945;0.445303;24
1;8;10000000;0.263938;0.439571;24
1;8;10000000;0.262771;0.413601;24
1;8;10000000;0.263208;0.443983;24
1;8;10000000;0.262751;0.41003;24
1;8;10000000;0.26298;0.421873;24
1;8;10000000;0.264307;0.437936;24
1;8;10000000;0.261808;0.422149;24
1;8;10000000;0.261757;0.427582;24
1;8;10000000;0.262769;0.450413;24
1;8;10000000;0.261563;0.412867;24
1;8;10000000;0.262409;0.446976;24
1;8;10000000;0.262729;0.451422;24
1;8;10000000;0.26264;0.411225;24
1;8;10000000;0.262606;0.450666;24
1;8;10000000;0.263012;0.419491;24
1;8;10000000;0.262867;0.419952;24
1;8;10000000;0.261685;0.419143;24
1;8;10000000;0.261664;0.411107;24
1;8;10000000;0.261596;0.450262;24
2;8;10000000;0.264397;0.409481;24
2;8;10000000;0.264502;0.419489;24
2;8;10000000;0.277733;0.423606;24
2;8;10000000;0.265846;0.43866;24
2;8;10000000;0.273624;0.418107;24
2;8;10000000;0.264397;0.438115;24
2;8;10000000;0.264326;0.4287;24
2;8;10000000;0.265041;0.449008;24
2;8;10000000;0.264799;0.410313;24
2;8;10000000;0.268922;0.435663;24
2;8;10000000;0.266484;0.455599;24
2;8;10000000;0.26428;0.430693;24
2;8;10000000;0.281498;0.48318;24
2;8;10000000;0.26421;0.458469;24
2;8;10000000;0.264499;0.420009;24
2;8;10000000;0.264475;0.428639;24
2;8;10000000;0.268007;0.44313;24
2;8;10000000;0.264477;0.422157;24
2;8;10000000;0.264393;0.441565;24
2;8;10000000;0.26436;0.460695;24
2;8;10000000;0.269411;0.433501;24
2;8;10000000;0.264401;0.41961;24
2;8;10000000;0.264255;0.432399;24
2;8;10000000;0.264262;0.448631;24
2;8;10000000;0.265341;0.42833;24
2;8;10000000;0.273561;0.42734;24
2;8;10000000;0.281453;0.453159;24
2;8;10000000;0.264131;0.429788;24
2;8;10000000;0.264438;0.458134;24
2;8;10000000;0.264819;0.470019;24
2;8;10000000;0.264419;0.424289;24
2;8;10000000;0.27033;0.433686;24
2;8;10000000;0.268051;0.438304;24
2;8;10000000;0.264453;0.446006;24
2;8;10000000;0.26437;0.419959;24
2;8;10000000;0.26457;0.432628;24
2;8;10000000;0.264608;0.475219;24
2;8;10000000;0.266015;0.412089;24
2;8;10000000;0.264355;0.407232;24
2;8;10000000;0.264396;0.429041;24
2;8;10000000;0.264383;0.411635;24
2;8;10000000;0.264174;0.468498;24
2;8;10000000;0.284762;0.447958;24
2;8;10000000;0.264435;0.412097;24
2;8;10000000;0.264588;0.445696;24
2;8;10000000;0.267731;0.438023;24
2;8;10000000;0.267415;0.425521;24
2;8;10000000;0.265925;0.447109;24
2;8;10000000;0.264423;0.44116;24
2;8;10000000;0.266006;0.445802;24
3;8;10000000;0.326025;0.448599;24
3;8;10000000;0.325557;0.466642;24
3;8;10000000;0.32552;0.450301;24
3;8;10000000;0.327552;0.474848;24
3;8;10000000;0.330791;0.482946;24
3;8;10000000;0.325554;0.429939;24
3;8;10000000;0.325;0.433914;24
3;8;10000000;0.325846;0.438341;24
3;8;10000000;0.326665;0.452658;24
3;8;10000000;0.324957;0.489382;24
3;8;10000000;0.324894;0.459683;24
3;8;10000000;0.325891;0.45559;24
3;8;10000000;0.328391;0.454631;24
3;8;10000000;0.327075;0.438054;24
3;8;10000000;0.325433;0.459196;24
3;8;10000000;0.325557;0.498545;24
3;8;10000000;0.325587;0.518516;24
3;8;10000000;0.32564;0.456133;24
3;8;10000000;0.325335;0.464123;24
3;8;10000000;0.325573;0.45968;24
3;8;10000000;0.326239;0.447444;24
3;8;10000000;0.326297;0.467549;24
3;8;10000000;0.325908;0.464982;24
3;8;10000000;0.325768;0.458923;24
3;8;10000000;0.325569;0.458191;24
3;8;10000000;0.325497;0.477322;24
3;8;10000000;0.325604;0.454016;24
3;8;10000000;0.32607;0.510342;24
3;8;10000000;0.325418;0.472606;24
3;8;10000000;0.335611;0.526057;24
3;8;10000000;0.325739;0.457567;24
3;8;10000000;0.325235;0.503519;24
3;8;10000000;0.326762;0.467962;24
3;8;10000000;0.33052;0.422786;24
3;8;10000000;0.336943;0.480429;24
3;8;10000000;0.325781;0.453447;24
3;8;10000000;0.325656;0.470746;24
3;8;10000000;0.324921;0.426728;24
3;8;10000000;0.32566;0.485673;24
3;8;10000000;0.325669;0.448941;24
3;8;10000000;0.32563;0.434597;24
3;8;10000000;0.325565;0.48578;24
3;8;10000000;0.32882;0.484734;24
3;8;10000000;0.325015;0.478018;24
3;8;10000000;0.326291;0.439611;24
3;8;10000000;0.325092;0.487476;24
3;8;10000000;0.327575;0.465651;24
3;8;10000000;0.327365;0.462244;24
3;8;10000000;0.326426;0.468791;24
3;8;10000000;0.345205;0.446989;24
4;8;10000000;0.386746;0.546157;24
4;8;10000000;0.387519;0.474737;24
4;8;10000000;0.387459;0.498475;24
4;8;10000000;0.38777;0.528723;24
4;8;10000000;0.387654;0.526703;24
4;8;10000000;0.390039;0.485006;24
4;8;10000000;0.387379;0.53685;24
4;8;10000000;0.388018;0.451428;24
4;8;10000000;0.389133;0.535327;24
4;8;10000000;0.388583;0.534615;24
4;8;10000000;0.392662;0.551236;24
4;8;10000000;0.38799;0.516657;24
4;8;10000000;0.38949;0.531415;24
4;8;10000000;0.391062;0.492032;24
4;8;10000000;0.387522;0.496067;24
4;8;10000000;0.387343;0.496477;24
4;8;10000000;0.387752;0.448408;24
4;8;10000000;0.387289;0.468255;24
4;8;10000000;0.387576;0.507139;24
4;8;10000000;0.389386;0.435205;24
4;8;10000000;0.389007;0.462012;24
4;8;10000000;0.393422;0.470929;24
4;8;10000000;0.391336;0.500066;24
4;8;10000000;0.3882;0.501079;24
4;8;10000000;0.393341;0.498411;24
4;8;10000000;0.388199;0.527892;24
4;8;10000000;0.390018;0.50689;24
4;8;10000000;0.391524;0.502565;24
4;8;10000000;0.394494;0.503083;24
4;8;10000000;0.38741;0.517736;24
4;8;10000000;0.387385;0.46782;24
4;8;10000000;0.387503;0.480427;24
4;8;10000000;0.388753;0.452477;24
4;8;10000000;0.388234;0.527482;24
4;8;10000000;0.388666;0.496052;24
4;8;10000000;0.39336;0.519734;24
4;8;10000000;0.387863;0.487951;24
4;8;10000000;0.387571;0.503618;24
4;8;10000000;0.387188;0.516218;24
4;8;10000000;0.387425;0.469884;24
4;8;10000000;0.388639;0.495714;24
4;8;10000000;0.387478;0.488212;24
4;8;10000000;0.393572;0.522129;24
4;8;10000000;0.387031;0.467062;24
4;8;10000000;0.391711;0.464098;24
4;8;10000000;0.387425;0.523979;24
4;8;10000000;0.389004;0.486443;24
4;8;10000000;0.387607;0.536691;24
4;8;10000000;0.389788;0.532015;24
4;8;10000000;0.38737;0.586547;24
5;8;10000000;0.510857;0.658084;24
5;8;10000000;0.510309;0.480476;24
5;8;10000000;0.511747;0.5889;24
5;8;10000000;0.510743;0.595557;24
5;8;10000000;0.509702;0.521878;24
5;8;10000000;0.50981;0.659186;24
5;8;10000000;0.525201;0.611637;24
5;8;10000000;0.511283;0.49657;24
5;8;10000000;0.510698;0.539404;24
5;8;10000000;0.510489;0.578317;24
5;8;10000000;0.511088;0.547808;24
5;8;10000000;0.509804;0.564691;24
5;8;10000000;0.511958;0.656152;24
5;8;10000000;0.510603;0.559689;24
5;8;10000000;0.510303;0.56657;24
5;8;10000000;0.524448;0.587326;24
5;8;10000000;0.510324;0.549089;24
5;8;10000000;0.51213;0.575091;24
5;8;10000000;0.511863;0.509235;24
5;8;10000000;0.510229;0.502035;24
5;8;10000000;0.510774;0.588884;24
5;8;10000000;0.510437;0.579035;24
5;8;10000000;0.511878;0.567456;24
5;8;10000000;0.510004;0.472308;24
5;8;10000000;0.510344;0.626808;24
5;8;10000000;0.510098;0.469949;24
5;8;10000000;0.510961;0.511889;24
5;8;10000000;0.509721;0.559386;24
5;8;10000000;0.510499;0.519764;24
5;8;10000000;0.511738;0.506838;24
5;8;10000000;0.510576;0.564467;24
5;8;10000000;0.509999;0.538679;24
5;8;10000000;0.51016;0.601316;24
5;8;10000000;0.510313;0.561582;24
5;8;10000000;0.517921;0.548739;24
5;8;10000000;0.511306;0.540354;24
5;8;10000000;0.510215;0.539469;24
5;8;10000000;0.510839;0.584273;24
5;8;10000000;0.510409;0.527497;24
5;8;10000000;0.512807;0.514828;24
5;8;10000000;0.509683;0.539545;24
5;8;10000000;0.51089;0.507675;24
5;8;10000000;0.51123;0.622325;24
5;8;10000000;0.509803;0.617905;24
5;8;10000000;0.509754;0.505904;24
5;8;10000000;0.510502;0.559907;24
5;8;10000000;0.51029;0.525896;24
5;8;10000000;0.530281;0.565628;24
5;8;10000000;0.512242;0.576997;24
5;8;10000000;0.510562;0.546426;24
6;8;10000000;0.741508;0.586377;24
6;8;10000000;0.759228;0.692138;24
6;8;10000000;0.742966;0.533699;24
6;8;10000000;0.7551;0.559954;24
6;8;10000000;0.741484;0.574266;24
6;8;10000000;0.741634;0.492952;24
6;8;10000000;0.741056;0.528588;24
6;8;10000000;0.740547;0.644662;24
6;8;10000000;0.742109;0.589765;24
6;8;10000000;0.754537;0.612357;24
6;8;10000000;0.751628;0.632378;24
6;8;10000000;0.753429;0.591533;24
6;8;10000000;0.74156;0.64796;24
6;8;10000000;0.753976;0.709702;24
6;8;10000000;0.741173;0.655159;24
6;8;10000000;0.740507;0.604588;24
6;8;10000000;0.754206;0.572177;24
6;8;10000000;0.741513;0.538133;24
6;8;10000000;0.741061;0.632838;24
6;8;10000000;0.741998;0.634915;24
6;8;10000000;0.741344;0.651327;24
6;8;10000000;0.754657;0.550334;24
6;8;10000000;0.742354;0.664726;24
6;8;10000000;0.740577;0.508844;24
6;8;10000000;0.7409;0.460918;24
6;8;10000000;0.741612;0.602427;24
6;8;10000000;0.753827;0.554153;24
6;8;10000000;0.740343;0.573766;24
6;8;10000000;0.752507;0.515504;24
6;8;10000000;0.750773;0.828099;24
6;8;10000000;0.741246;0.654069;24
6;8;10000000;0.741342;0.564781;24
6;8;10000000;0.755818;0.644451;24
6;8;10000000;0.741724;0.680304;24
6;8;10000000;0.740939;0.603821;24
6;8;10000000;0.739042;0.571037;24
6;8;10000000;0.743116;0.518797;24
6;8;10000000;0.755984;0.593161;24
6;8;10000000;0.741421;0.554184;24
6;8;10000000;0.742009;0.542749;24
6;8;10000000;0.746122;0.530169;24
6;8;10000000;0.741364;0.516853;24
6;8;10000000;0.740979;0.582697;24
6;8;10000000;0.741044;0.523698;24
6;8;10000000;0.743325;0.51235;24
6;8;10000000;0.744953;0.662765;24
6;8;10000000;0.741866;0.781725;24
6;8;10000000;0.741712;0.66284;24
6;8;10000000;0.741769;0.620482;24
6;8;10000000;0.741259;0.636082;24
7;8;10000000;1.48375;0.493822;24
7;8;10000000;1.49262;0.563804;24
7;8;10000000;1.48092;0.605832;24
7;8;10000000;1.48231;0.605384;24
7;8;10000000;1.48347;0.604452;24
7;8;10000000;1.48302;0.505052;24
7;8;10000000;1.48083;0.489991;24
7;8;10000000;1.47988;0.502966;24
7;8;10000000;1.48253;0.600291;24
7;8;10000000;1.48482;0.600067;24
7;8;10000000;1.48918;0.566311;24
7;8;10000000;1.48964;0.55497;24
7;8;10000000;1.48262;0.688385;24
7;8;10000000;1.4916;0.618199;24
7;8;10000000;1.48236;0.500119;24
7;8;10000000;1.48251;0.585774;24
7;8;10000000;1.48152;0.557425;24
7;8;10000000;1.48359;0.461612;24
7;8;10000000;1.48656;0.554653;24
7;8;10000000;1.48406;0.575212;24
7;8;10000000;1.48063;0.696106;24
7;8;10000000;1.48111;0.544411;24
7;8;10000000;1.48541;0.610499;24
7;8;10000000;1.48214;0.705807;24
7;8;10000000;1.48348;0.451941;24
7;8;10000000;1.48521;0.583824;24
7;8;10000000;1.48895;0.525624;24
7;8;10000000;1.48293;0.518272;24
7;8;10000000;1.47897;0.514989;24
7;8;10000000;1.46979;0.59275;24
7;8;10000000;1.4853;0.641932;24
7;8;10000000;1.48946;0.638829;24
7;8;10000000;1.48618;0.655965;24
7;8;10000000;1.48344;0.478929;24
7;8;10000000;1.47969;0.475074;24
7;8;10000000;1.48289;0.595082;24
7;8;10000000;1.4821;0.565123;24
7;8;10000000;1.48192;0.587322;24
7;8;10000000;1.48979;0.534409;24
7;8;10000000;1.48612;0.500511;24
7;8;10000000;1.48256;0.605768;24
7;8;10000000;1.48384;0.632687;24
7;8;10000000;1.48404;0.555132;24
7;8;10000000;1.48284;0.585627;24
7;8;10000000;1.48164;0.654855;24
7;8;10000000;1.48282;0.579396;24
7;8;10000000;1.48804;0.478781;24
7;8;10000000;1.48321;0.60782;24
7;8;10000000;1.49126;0.652845;24
7;8;10000000;1.4831;0.644703;24
0;8;100000000;2.31742;2.17361;24
0;8;100000000;2.30713;2.36425;24
0;8;100000000;2.31061;2.33841;24
0;8;100000000;2.3129;2.67188;24
0;8;100000000;2.3119;2.16058;24
0;8;100000000;2.30877;2.46268;24
0;8;100000000;2.32778;2.14866;24
0;8;100000000;2.30771;2.15406;24
0;8;100000000;2.30926;2.15682;24
0;8;100000000;2.33477;2.11791;24
0;8;100000000;2.31116;2.10602;24
0;8;100000000;2.31464;2.15256;24
0;8;100000000;2.30927;2.15148;24
0;8;100000000;2.31839;2.55911;24
0;8;100000000;2.32067;2.37033;24
0;8;100000000;2.30535;2.36121;24
0;8;100000000;2.32531;2.10977;24
0;8;100000000;2.38125;2.56064;24
0;8;100000000;2.30833;2.31397;24
0;8;100000000;2.30965;2.5623;24
0;8;100000000;2.41628;2.1466;24
0;8;100000000;2.42079;2.15285;24
0;8;100000000;2.32933;2.38183;24
0;8;100000000;2.33295;2.21633;24
0;8;100000000;2.30988;2.55755;24
0;8;100000000;2.31119;2.38396;24
0;8;100000000;2.30847;2.18247;24
0;8;100000000;2.31282;2.1537;24
0;8;100000000;2.38395;2.17226;24
0;8;100000000;2.37103;2.15686;24
0;8;100000000;2.31197;2.09975;24
0;8;100000000;2.31383;2.53104;24
0;8;100000000;2.31511;2.62718;24
0;8;100000000;2.31146;2.10712;24
0;8;100000000;2.34423;2.14615;24
0;8;100000000;2.40151;2.1667;24
0;8;100000000;2.30586;2.17192;24
0;8;100000000;2.33523;2.54805;24
0;8;100000000;2.30803;2.16735;24
0;8;100000000;2.35064;2.10886;24
0;8;100000000;2.32055;2.15091;24
0;8;100000000;2.33988;2.16158;24
0;8;100000000;2.31249;2.14097;24
0;8;100000000;2.31592;2.14638;24
0;8;100000000;2.31022;2.16243;24
0;8;100000000;2.35465;2.1475;24
0;8;100000000;2.3535;2.21425;24
0;8;100000000;2.30817;2.65783;24
0;8;100000000;2.34066;2.31219;24
0;8;100000000;2.32519;2.15506;24
1;8;100000000;2.90284;2.93141;24
1;8;100000000;2.89911;3.10561;24
1;8;100000000;2.90431;3.07036;24
1;8;100000000;2.90221;2.95837;24
1;8;100000000;2.898;3.26146;24
1;8;100000000;2.90287;2.9125;24
1;8;100000000;2.89846;3.05606;24
1;8;100000000;2.904;3.08346;24
1;8;100000000;2.90259;3.13494;24
1;8;100000000;2.90536;2.9821;24
1;8;100000000;2.90347;2.9784;24
1;8;100000000;2.89424;2.87845;24
1;8;100000000;2.89115;2.96733;24
1;8;100000000;2.90105;2.90583;24
1;8;100000000;2.90424;3.10015;24
1;8;100000000;2.89582;2.95189;24
1;8;100000000;2.90991;3.07976;24
1;8;100000000;2.90518;2.91052;24
1;8;100000000;2.89858;3.03207;24
1;8;100000000;2.90285;2.78073;24
1;8;100000000;2.89255;3.01118;24
1;8;100000000;2.90474;3.01663;24
1;8;100000000;2.90447;3.00901;24
1;8;100000000;2.89447;3.13417;24
1;8;100000000;2.8914;3.11438;24
1;8;100000000;2.89911;3.16377;24
1;8;100000000;2.89827;2.93528;24
1;8;100000000;2.89902;3.0891;24
1;8;100000000;2.90243;2.9674;24
1;8;100000000;2.90149;2.79743;24
1;8;100000000;2.90036;3.01482;24
1;8;100000000;2.89748;2.89316;24
1;8;100000000;2.89062;2.93895;24
1;8;100000000;2.89789;2.98837;24
1;8;100000000;2.90571;2.81351;24
1;8;100000000;2.89319;3.06934;24
1;8;100000000;2.90346;3.04885;24
1;8;100000000;2.90308;2.93896;24
1;8;100000000;2.89036;3.07466;24
1;8;100000000;2.90615;2.96901;24
1;8;100000000;2.88701;2.85195;24
1;8;100000000;2.90036;3.01238;24
1;8;100000000;2.89517;3.08472;24
1;8;100000000;2.9046;3.05973;24
1;8;100000000;2.90276;3.15797;24
1;8;100000000;2.90186;2.9598;24
1;8;100000000;2.9014;3.04405;24
1;8;100000000;2.89613;2.91759;24
1;8;100000000;2.90346;3.07156;24
1;8;100000000;2.90272;3.16742;24
2;8;100000000;2.96009;3.3528;24
2;8;100000000;3.01932;3.11554;24
2;8;100000000;2.92973;3.04702;24
2;8;100000000;2.99032;3.16746;24
2;8;100000000;2.93161;3.10175;24
2;8;100000000;2.92563;3.08262;24
2;8;100000000;2.92858;3.08187;24
2;8;100000000;2.94662;3.11432;24
2;8;100000000;3.10839;3.17118;24
2;8;100000000;2.95186;3.09871;24
2;8;100000000;2.98163;3.1562;24
2;8;100000000;3.07039;3.16552;24
2;8;100000000;2.9361;3.08095;24
2;8;100000000;2.92134;3.19319;24
2;8;100000000;2.94158;2.98229;24
2;8;100000000;2.96878;3.10529;24
2;8;100000000;2.92379;3.088;24
2;8;100000000;2.9281;2.98779;24
2;8;100000000;2.95969;3.02991;24
2;8;100000000;2.94457;2.99312;24
2;8;100000000;2.92477;3.11245;24
2;8;100000000;2.92706;3.20781;24
2;8;100000000;2.92238;2.9407;24
2;8;100000000;2.93355;3.03066;24
2;8;100000000;2.92259;3.02767;24
2;8;100000000;2.92241;3.16048;24
2;8;100000000;3.10436;3.34641;24
2;8;100000000;2.92629;3.20321;24
2;8;100000000;2.92317;3.1442;24
2;8;100000000;3.1509;3.14102;24
2;8;100000000;2.96563;2.95983;24
2;8;100000000;2.92452;3.03523;24
2;8;100000000;2.92522;3.06469;24
2;8;100000000;2.92433;3.06726;24
2;8;100000000;2.95791;3.26528;24
2;8;100000000;2.9259;3.35951;24
2;8;100000000;3.0925;3.17625;24
2;8;100000000;2.93335;3.11773;24
2;8;100000000;2.92896;2.9575;24
2;8;100000000;2.92461;2.94831;24
2;8;100000000;2.92916;3.12449;24
2;8;100000000;2.92589;3.07923;24
2;8;100000000;2.95356;3.1337;24
2;8;100000000;2.92965;3.1259;24
2;8;100000000;2.92537;3.18454;24
2;8;100000000;2.92805;3.07401;24
2;8;100000000;3.01679;3.0949;24
2;8;100000000;3.01076;3.18335;24
2;8;100000000;2.93609;3.19403;24
2;8;100000000;2.97229;3.22306;24
3;8;100000000;3.58575;3.23136;24
3;8;100000000;3.59954;3.4854;24
3;8;100000000;3.59254;3.38411;24
3;8;100000000;3.59346;3.25094;24
3;8;100000000;3.62357;3.25438;24
3;8;100000000;3.59487;3.47145;24
3;8;100000000;3.59662;3.50171;24
3;8;100000000;3.59786;3.32977;24
3;8;100000000;3.60072;3.32058;24
3;8;100000000;3.62295;3.72205;24
3;8;100000000;3.59812;3.25171;24
3;8;100000000;3.63688;3.37281;24
3;8;100000000;3.58976;3.32883;24
3;8;100000000;3.59479;3.35453;24
3;8;100000000;3.6019;3.24339;24
3;8;100000000;3.60718;3.3173;24
3;8;100000000;3.59955;3.47355;24
3;8;100000000;3.62627;3.38681;24
3;8;100000000;3.59228;3.4232;24
3;8;100000000;3.59184;3.19255;24
3;8;100000000;3.78651;3.3898;24
3;8;100000000;3.59738;3.2696;24
3;8;100000000;3.59598;3.24701;24
3;8;100000000;3.59557;3.23934;24
3;8;100000000;3.59481;3.28597;24
3;8;100000000;3.59409;3.30707;24
3;8;100000000;3.59344;3.27817;24
3;8;100000000;3.59267;3.28444;24
3;8;100000000;3.59616;3.56567;24
3;8;100000000;3.60082;3.26996;24
3;8;100000000;3.60495;3.59574;24
3;8;100000000;3.59561;3.36114;24
3;8;100000000;3.77541;3.2308;24
3;8;100000000;3.6913;3.40098;24
3;8;100000000;3.59536;3.27847;24
3;8;100000000;3.59476;3.72626;24
3;8;100000000;3.61018;3.34551;24
3;8;100000000;3.61679;3.26603;24
3;8;100000000;3.58951;3.41025;24
3;8;100000000;3.59721;3.28599;24
3;8;100000000;3.59502;3.23125;24
3;8;100000000;3.59663;3.33662;24
3;8;100000000;3.59623;3.22202;24
3;8;100000000;3.58909;3.37627;24
3;8;100000000;3.59613;3.40396;24
3;8;100000000;3.58761;3.27178;24
3;8;100000000;3.59513;3.22197;24
3;8;100000000;3.5929;3.27144;24
3;8;100000000;3.58325;3.45525;24
3;8;100000000;3.61041;3.34653;24
4;8;100000000;4.26576;3.71223;24
4;8;100000000;4.26704;3.68185;24
4;8;100000000;4.29112;4.09176;24
4;8;100000000;4.26812;3.79565;24
4;8;100000000;4.26847;3.62425;24
4;8;100000000;4.2759;3.69696;24
4;8;100000000;4.26863;3.72649;24
4;8;100000000;4.267;3.76897;24
4;8;100000000;4.2757;3.627;24
4;8;100000000;4.26466;3.71559;24
4;8;100000000;4.27247;3.8345;24
4;8;100000000;4.26601;3.81168;24
4;8;100000000;4.27748;3.72234;24
4;8;100000000;4.29808;3.93746;24
4;8;100000000;4.26616;3.71363;24
4;8;100000000;4.26844;4.00758;24
4;8;100000000;4.26841;3.64574;24
4;8;100000000;4.26587;3.68851;24
4;8;100000000;4.31745;3.73007;24
4;8;100000000;4.29552;3.60623;24
4;8;100000000;4.26895;3.69379;24
4;8;100000000;4.27034;3.95379;24
4;8;100000000;4.26678;3.91727;24
4;8;100000000;4.26764;3.7052;24
4;8;100000000;4.26654;3.66897;24
4;8;100000000;4.27488;3.68201;24
4;8;100000000;4.26596;3.6914;24
4;8;100000000;4.28475;3.75391;24
4;8;100000000;4.26475;3.69845;24
4;8;100000000;4.26406;3.67434;24
4;8;100000000;4.27924;3.67567;24
4;8;100000000;4.26483;3.66016;24
4;8;100000000;4.28588;3.62409;24
4;8;100000000;4.26697;3.71948;24
4;8;100000000;4.27644;3.67556;24
4;8;100000000;4.26634;3.67736;24
4;8;100000000;4.27682;3.65062;24
4;8;100000000;4.26534;3.65698;24
4;8;100000000;4.29176;3.66277;24
4;8;100000000;4.26543;3.62496;24
4;8;100000000;4.28291;3.72715;24
4;8;100000000;4.26849;3.70468;24
4;8;100000000;4.41699;3.95448;24
4;8;100000000;4.26942;3.70898;24
4;8;100000000;4.26844;3.7096;24
4;8;100000000;4.26671;3.72788;24
4;8;100000000;4.26527;3.76603;24
4;8;100000000;4.26839;3.73121;24
4;8;100000000;4.26472;3.70525;24
4;8;100000000;4.26614;3.72952;24
5;8;100000000;5.616;3.91101;24
5;8;100000000;5.73752;3.79435;24
5;8;100000000;5.73463;3.88986;24
5;8;100000000;5.6113;4.04154;24
5;8;100000000;5.61526;3.95873;24
5;8;100000000;5.62614;4.10273;24
5;8;100000000;5.6157;4.12582;24
5;8;100000000;5.61442;4.08625;24
5;8;100000000;5.61413;3.83213;24
5;8;100000000;5.61066;4.00919;24
5;8;100000000;5.61242;4.0255;24
5;8;100000000;5.62523;4.004;24
5;8;100000000;5.61391;3.97726;24
5;8;100000000;5.61461;3.96291;24
5;8;100000000;5.61341;3.98173;24
5;8;100000000;5.61244;4.27145;24
5;8;100000000;5.60905;4.01322;24
5;8;100000000;5.61438;4.01337;24
5;8;100000000;5.61392;4.19111;24
5;8;100000000;5.61477;3.96921;24
5;8;100000000;5.61634;3.93117;24
5;8;100000000;5.6089;4.02712;24
5;8;100000000;5.61214;3.90625;24
5;8;100000000;5.6131;3.88132;24
5;8;100000000;5.61443;4.18027;24
5;8;100000000;5.61568;3.86455;24
5;8;100000000;5.61167;4.03872;24
5;8;100000000;5.61401;3.85283;24
5;8;100000000;5.61222;3.83479;24
5;8;100000000;5.61532;4.01329;24
5;8;100000000;5.61095;3.96177;24
5;8;100000000;5.61707;3.94211;24
5;8;100000000;5.63873;4.15163;24
5;8;100000000;5.61702;4.0387;24
5;8;100000000;5.61621;3.90907;24
5;8;100000000;5.60797;3.93322;24
5;8;100000000;5.61749;3.85894;24
5;8;100000000;5.61274;4.06606;24
5;8;100000000;5.61357;3.77124;24
5;8;100000000;5.62726;4.04938;24
5;8;100000000;5.61515;4.11007;24
5;8;100000000;5.61042;4.15388;24
5;8;100000000;5.6357;4.18906;24
5;8;100000000;5.61923;3.93985;24
5;8;100000000;5.60841;4.17579;24
5;8;100000000;5.61474;4.13051;24
5;8;100000000;5.94214;4.08386;24
5;8;100000000;5.61534;3.92277;24
5;8;100000000;5.61498;3.89319;24
5;8;100000000;5.61237;3.92602;24
6;8;100000000;8.17803;4.41687;24
6;8;100000000;8.18012;4.16903;24
6;8;100000000;8.19129;4.24502;24
6;8;100000000;8.19467;4.16083;24
6;8;100000000;8.1748;4.3046;24
6;8;100000000;8.17165;4.20817;24
6;8;100000000;8.19474;4.2192;24
6;8;100000000;8.183;4.20253;24
6;8;100000000;8.17903;4.15057;24
6;8;100000000;8.18669;4.33024;24
6;8;100000000;8.1854;4.07732;24
6;8;100000000;8.1967;4.31712;24
6;8;100000000;8.17871;4.19631;24
6;8;100000000;8.18497;4.29164;24
6;8;100000000;8.18147;4.26927;24
6;8;100000000;8.19269;4.17043;24
6;8;100000000;8.18243;4.44377;24
6;8;100000000;8.18605;4.20857;24
6;8;100000000;8.1832;4.06993;24
6;8;100000000;8.17649;4.35171;24
6;8;100000000;8.19983;4.21854;24
6;8;100000000;8.18317;4.42834;24
6;8;100000000;8.17836;4.18561;24
6;8;100000000;8.18248;4.23599;24
6;8;100000000;8.17869;4.3589;24
6;8;100000000;8.18159;4.42835;24
6;8;100000000;8.19472;4.21448;24
6;8;100000000;8.18127;4.17628;24
6;8;100000000;8.17767;4.31186;24
6;8;100000000;8.19806;4.53608;24
6;8;100000000;8.19816;4.19455;24
6;8;100000000;8.17629;4.06584;24
6;8;100000000;8.18899;4.1298;24
6;8;100000000;8.17779;4.34291;24
6;8;100000000;8.18012;4.11217;24
6;8;100000000;8.30197;4.24323;24
6;8;100000000;8.19755;4.57252;24
6;8;100000000;8.18539;4.22625;24
6;8;100000000;8.18248;4.16731;24
6;8;100000000;8.1864;4.28302;24
6;8;100000000;8.18862;4.05526;24
6;8;100000000;8.17482;4.28878;24
6;8;100000000;8.17269;4.08746;24
6;8;100000000;8.18797;4.0359;24
6;8;100000000;8.19089;4.4269;24
6;8;100000000;8.18093;4.17963;24
6;8;100000000;8.17902;4.16266;24
6;8;100000000;8.18001;4.01987;24
6;8;100000000;8.19459;4.28482;24
6;8;100000000;8.1802;4.19702;24
7;8;100000000;16.243;4.31154;24
7;8;100000000;16.2442;4.42539;24
7;8;100000000;16.2432;4.07299;24
7;8;100000000;16.2425;4.26871;24
7;8;100000000;16.2661;4.16115;24
7;8;100000000;16.2436;4.25633;24
7;8;100000000;16.2487;4.20263;24
7;8;100000000;16.2546;4.16254;24
7;8;100000000;16.2328;4.31549;24
7;8;100000000;16.2439;4.47651;24
7;8;100000000;16.2362;4.25881;24
7;8;100000000;16.2392;4.2589;24
7;8;100000000;16.2285;4.16626;24
7;8;100000000;16.2327;4.071;24
7;8;100000000;16.2352;4.24282;24
7;8;100000000;16.2466;4.05643;24
7;8;100000000;16.2543;4.13784;24
7;8;100000000;16.2341;4.27822;24
7;8;100000000;16.2293;4.19331;24
7;8;100000000;16.2372;4.20515;24
7;8;100000000;16.2395;4.59609;24
7;8;100000000;16.2341;4.64377;24
7;8;100000000;16.2351;4.26691;24
7;8;100000000;16.2508;4.41746;24
7;8;100000000;16.2444;4.4092;24
7;8;100000000;16.2339;4.41218;24
7;8;100000000;16.2411;4.57226;24
7;8;100000000;16.2406;4.31576;24
7;8;100000000;16.2487;4.08996;24
7;8;100000000;16.2435;4.26078;24
7;8;100000000;16.2326;4.17918;24
7;8;100000000;16.2276;4.17556;24
7;8;100000000;16.2502;4.15555;24
7;8;100000000;16.2406;4.16416;24
7;8;100000000;16.2371;4.32354;24
7;8;100000000;16.2388;4.1627;24
7;8;100000000;16.2504;4.2463;24
7;8;100000000;16.2523;4.33392;24
7;8;100000000;16.2418;4.20152;24
7;8;100000000;16.2463;4.45004;24
7;8;100000000;16.2388;4.22181;24
7;8;100000000;16.2373;4.16315;24
7;8;100000000;16.2457;4.22507;24
7;8;100000000;16.2281;4.18135;24
7;8;100000000;16.2299;4.1333;24
7;8;100000000;16.2437;4.24435;24
7;8;100000000;16.2509;4.26253;24
7;8;100000000;16.2491;4.30077;24
7;8;100000000;16.2173;4.30383;24
7;8;100000000;16.2322;4.29561;24
